gw,fpl_id,minutes,starts,goals_scored,assists,clean_sheets,goals_conceded,own_goals,penalties_saved,penalties_missed,yellow_cards,red_cards,saves,bonus,bps,influence,creativity,threat,ict_index,clearances_blocks_interceptions,recoveries,tackles,defensive_contribution,total_points,in_dreamteam
38,1,0,0,0,0,0,0,0,0,0,0,0,0,0,0,0.0,0.0,0.0,0.0,0,0,0,0,0,False
38,2,90,1,0,0,0,1,0,0,0,0,0,2,0,11,19.8,0.0,0.0,2.0,3,8,0,0,2,False
38,3,0,0,0,0,0,0,0,0,0,0,0,0,0,0,0.0,0.0,0.0,0.0,0,0,0,0,0,False
38,4,0,0,0,0,0,0,0,0,0,0,0,0,0,0,0.0,0.0,0.0,0.0,0,0,0,0,0,False
38,5,45,0,0,0,0,1,0,0,0,0,0,0,0,7,10.4,0.4,0.0,1.1,5,1,0,5,1,False
38,6,0,0,0,0,0,0,0,0,0,0,0,0,0,0,0.0,0.0,0.0,0.0,0,0,0,0,0,False
38,7,45,1,0,0,0,0,0,0,0,0,0,0,0,4,1.2,7.1,4.0,1.2,0,2,0,0,1,False
38,8,0,0,0,0,0,0,0,0,0,0,0,0,0,0,0.0,0.0,0.0,0.0,0,0,0,0,0,False
38,9,0,0,0,0,0,0,0,0,0,0,0,0,0,0,0.0,0.0,0.0,0.0,0,0,0,0,0,False
38,10,90,1,0,0,0,1,0,0,0,0,0,0,0,12,4.6,5.3,0.0,1.0,1,5,0,1,2,False
38,11,0,0,0,0,0,0,0,0,0,0,0,0,0,0,0.0,0.0,0.0,0.0,0,0,0,0,0,False
38,12,0,0,0,0,0,0,0,0,0,0,0,0,0,0,0.0,0.0,0.0,0.0,0,0,0,0,0,False
38,13,0,0,0,0,0,0,0,0,0,0,0,0,0,0,0.0,0.0,0.0,0.0,0,0,0,0,0,False
38,14,0,0,0,0,0,0,0,0,0,0,0,0,0,0,0.0,0.0,0.0,0.0,0,0,0,0,0,False
38,15,0,0,0,0,0,0,0,0,0,0,0,0,0,0,0.0,0.0,0.0,0.0,0,0,0,0,0,False
38,16,0,0,0,0,0,0,0,0,0,0,0,0,0,0,0.0,0.0,0.0,0.0,0,0,0,0,0,False
38,17,0,0,0,0,0,0,0,0,0,0,0,0,0,0,0.0,0.0,0.0,0.0,0,0,0,0,0,False
38,18,83,1,1,0,1,0,0,0,0,0,0,0,3,46,47.8,45.3,61.0,15.4,1,3,0,4,11,True
38,19,90,1,0,1,0,1,0,0,0,0,0,0,2,28,29.0,31.4,29.0,8.9,0,4,0,4,7,False
38,20,0,0,0,0,0,0,0,0,0,0,0,0,0,0,0.0,0.0,0.0,0.0,0,0,0,0,0,False
38,21,0,0,0,0,0,0,0,0,0,0,0,0,0,0,0.0,0.0,0.0,0.0,0,0,0,0,0,False
38,22,28,0,0,0,0,1,0,0,0,0,0,0,0,-2,0.0,4.8,7.0,1.0,0,2,0,2,1,False
38,23,0,0,0,0,0,0,0,0,0,0,0,0,0,0,0.0,0.0,0.0,0.0,0,0,0,0,0,False
38,24,45,1,0,0,0,0,0,0,0,0,0,0,0,9,7.6,5.1,3.0,1.6,2,0,3,5,1,False
38,25,0,0,0,0,0,0,0,0,0,0,0,0,0,0,0.0,0.0,0.0,0.0,0,0,0,0,0,False
38,26,90,1,0,0,0,1,0,0,0,0,0,0,0,14,16.0,18.5,0.0,3.5,3,3,1,7,2,False
38,27,1,0,0,0,0,0,0,0,0,0,0,0,0,3,0.2,0.5,0.0,0.1,0,0,0,0,1,False
38,28,0,0,0,0,0,0,0,0,0,0,0,0,0,0,0.0,0.0,0.0,0.0,0,0,0,0,0,False
38,29,0,0,0,0,0,0,0,0,0,0,0,0,0,0,0.0,0.0,0.0,0.0,0,0,0,0,0,False
38,30,45,0,0,1,0,1,0,0,0,0,0,0,0,17,23.6,35.7,16.0,7.5,2,0,1,3,4,False
38,31,74,1,1,0,1,0,0,0,0,1,0,0,0,19,33.8,16.9,53.0,10.4,2,1,0,3,5,False
38,32,0,0,0,0,0,0,0,0,0,0,0,0,0,0,0.0,0.0,0.0,0.0,0,0,0,0,0,False
38,33,90,1,0,0,0,1,0,0,0,0,0,2,0,10,21.0,0.0,0.0,2.1,3,3,0,0,2,False
38,34,0,0,0,0,0,0,0,0,0,0,0,0,0,0,0.0,0.0,0.0,0.0,0,0,0,0,0,False
38,35,0,0,0,0,0,0,0,0,0,0,0,0,0,0,0.0,0.0,0.0,0.0,0,0,0,0,0,False
38,36,45,0,0,0,0,0,0,0,0,0,0,0,0,4,8.0,10.7,2.0,2.1,1,2,0,1,1,False
38,37,0,0,0,0,0,0,0,0,0,0,0,0,0,0,0.0,0.0,0.0,0.0,0,0,0,0,0,False
38,38,0,0,0,0,0,0,0,0,0,0,0,0,0,0,0.0,0.0,0.0,0.0,0,0,0,0,0,False
38,39,90,1,0,0,0,1,0,0,0,0,0,0,1,23,27.4,25.3,11.0,6.4,10,3,4,14,5,False
38,40,90,1,0,0,0,1,0,0,0,0,0,0,0,13,26.4,0.8,0.0,2.7,10,1,1,11,4,False
38,41,17,0,0,0,0,0,0,0,0,0,0,0,0,0,1.8,0.3,7.0,0.9,3,0,0,3,1,False
38,42,45,1,0,0,0,1,0,0,0,0,0,0,0,5,14.6,0.5,2.0,1.7,5,2,4,9,1,False
38,43,0,0,0,0,0,0,0,0,0,0,0,0,0,0,0.0,0.0,0.0,0.0,0,0,0,0,0,False
38,44,72,1,0,0,0,1,0,0,0,0,0,0,0,5,3.2,1.4,0.0,0.5,3,4,0,3,2,False
38,45,0,0,0,0,0,0,0,0,0,0,0,0,0,0,0.0,0.0,0.0,0.0,0,0,0,0,0,False
38,46,0,0,0,0,0,0,0,0,0,0,0,0,0,0,0.0,0.0,0.0,0.0,0,0,0,0,0,False
38,47,0,0,0,0,0,0,0,0,0,0,0,0,0,0,0.0,0.0,0.0,0.0,0,0,0,0,0,False
38,48,17,0,0,0,0,0,0,0,0,0,0,0,0,11,13.6,28.9,7.0,5.0,1,1,2,4,1,False
38,49,90,1,0,1,0,1,0,0,0,0,0,0,0,13,6.2,1.9,10.0,1.8,4,4,2,10,5,False
38,50,90,1,0,0,0,1,0,0,0,0,0,0,2,32,28.0,33.7,22.0,8.4,3,4,8,15,6,False
38,51,0,0,0,0,0,0,0,0,0,0,0,0,0,0,0.0,0.0,0.0,0.0,0,0,0,0,0,False
38,52,90,1,0,0,0,2,0,0,0,0,0,0,0,21,22.4,4.0,0.0,2.6,3,6,5,14,4,False
38,53,0,0,0,0,0,0,0,0,0,0,0,0,0,0,0.0,0.0,0.0,0.0,0,0,0,0,0,False
38,54,4,0,0,0,0,0,0,0,0,0,0,0,0,7,5.6,0.0,7.0,1.3,0,1,1,2,1,False
38,55,85,1,0,1,0,1,0,0,0,0,0,0,0,19,22.2,15.2,0.0,3.7,0,1,2,3,5,False
38,56,0,0,0,0,0,0,0,0,0,0,0,0,0,0,0.0,0.0,0.0,0.0,0,0,0,0,0,False
38,57,0,0,0,0,0,0,0,0,0,0,0,0,0,0,0.0,0.0,0.0,0.0,0,0,0,0,0,False
38,58,0,0,0,0,0,0,0,0,0,0,0,0,0,0,0.0,0.0,0.0,0.0,0,0,0,0,0,False
38,59,17,0,0,0,0,0,0,0,0,0,0,0,0,5,3.6,1.5,0.0,0.5,1,0,1,2,1,False
38,60,0,0,0,0,0,0,0,0,0,0,0,0,0,0,0.0,0.0,0.0,0.0,0,0,0,0,0,False
38,61,0,0,0,0,0,0,0,0,0,0,0,0,0,0,0.0,0.0,0.0,0.0,0,0,0,0,0,False
38,62,0,0,0,0,0,0,0,0,0,0,0,0,0,0,0.0,0.0,0.0,0.0,0,0,0,0,0,False
38,63,0,0,0,0,0,0,0,0,0,0,0,0,0,0,0.0,0.0,0.0,0.0,0,0,0,0,0,False
38,64,90,1,2,0,0,1,0,0,0,0,0,0,3,63,73.4,2.5,87.0,16.3,1,0,1,2,13,True
38,65,0,0,0,0,0,0,0,0,0,0,0,0,0,0,0.0,0.0,0.0,0.0,0,0,0,0,0,False
38,66,0,0,0,0,0,0,0,0,0,0,0,0,0,0,0.0,0.0,0.0,0.0,0,0,0,0,0,False
38,67,90,1,0,0,0,1,0,0,0,0,0,3,0,14,26.0,0.0,0.0,2.6,2,8,0,0,3,False
38,68,0,0,0,0,0,0,0,0,0,0,0,0,0,0,0.0,0.0,0.0,0.0,0,0,0,0,0,False
38,69,0,0,0,0,0,0,0,0,0,0,0,0,0,0,0.0,0.0,0.0,0.0,0,0,0,0,0,False
38,70,0,0,0,0,0,0,0,0,0,0,0,0,0,0,0.0,0.0,0.0,0.0,0,0,0,0,0,False
38,71,0,0,0,0,0,0,0,0,0,0,0,0,0,0,0.0,0.0,0.0,0.0,0,0,0,0,0,False
38,72,90,1,0,0,0,1,0,0,0,0,0,0,0,11,25.6,2.3,2.0,3.0,5,5,2,7,2,False
38,73,89,1,0,0,0,1,0,0,0,0,0,0,0,12,12.6,4.3,0.0,1.7,5,3,1,6,2,False
38,74,90,1,0,1,0,1,0,0,0,0,0,0,1,25,44.2,39.7,12.0,9.6,2,5,7,9,6,False
38,75,0,0,0,0,0,0,0,0,0,0,0,0,0,0,0.0,0.0,0.0,0.0,0,0,0,0,0,False
38,76,0,0,0,0,0,0,0,0,0,0,0,0,0,0,0.0,0.0,0.0,0.0,0,0,0,0,0,False
38,77,90,1,0,0,0,1,0,0,0,1,0,0,0,5,16.8,1.8,0.0,1.9,10,2,0,10,3,False
38,78,0,0,0,0,0,0,0,0,0,0,0,0,0,0,0.0,0.0,0.0,0.0,0,0,0,0,0,False
38,79,0,0,0,0,0,0,0,0,0,0,0,0,0,0,0.0,0.0,0.0,0.0,0,0,0,0,0,False
38,80,0,0,0,0,0,0,0,0,0,0,0,0,0,0,0.0,0.0,0.0,0.0,0,0,0,0,0,False
38,81,17,0,0,0,0,0,0,0,0,0,0,0,0,2,0.2,0.7,7.0,0.8,0,1,0,1,1,False
38,82,57,1,1,0,0,1,0,0,0,0,0,0,0,18,36.2,14.4,39.0,9.0,1,1,0,2,6,False
38,83,90,1,0,0,0,1,0,0,0,0,0,0,0,2,2.4,2.8,11.0,1.6,4,2,1,7,2,False
38,84,90,1,1,0,0,1,0,0,0,0,0,0,3,38,57.0,70.0,32.0,15.9,3,2,1,6,10,True
38,85,90,1,0,0,0,1,0,0,0,0,0,0,0,14,12.2,4.1,1.0,1.7,2,9,6,17,4,False
38,86,0,0,0,0,0,0,0,0,0,0,0,0,0,0,0.0,0.0,0.0,0.0,0,0,0,0,0,False
38,87,0,0,0,0,0,0,0,0,0,0,0,0,0,0,0.0,0.0,0.0,0.0,0,0,0,0,0,False
38,88,1,0,0,0,0,0,0,0,0,0,0,0,0,3,0.4,0.2,0.0,0.1,0,0,0,0,1,False
38,89,0,0,0,0,0,0,0,0,0,0,0,0,0,0,0.0,0.0,0.0,0.0,0,0,0,0,0,False
38,90,0,0,0,0,0,0,0,0,0,0,0,0,0,0,0.0,0.0,0.0,0.0,0,0,0,0,0,False
38,91,0,0,0,0,0,0,0,0,0,0,0,0,0,0,0.0,0.0,0.0,0.0,0,0,0,0,0,False
38,92,0,0,0,0,0,0,0,0,0,0,0,0,0,0,0.0,0.0,0.0,0.0,0,0,0,0,0,False
38,93,0,0,0,0,0,0,0,0,0,0,0,0,0,0,0.0,0.0,0.0,0.0,0,0,0,0,0,False
38,94,0,0,0,0,0,0,0,0,0,0,0,0,0,0,0.0,0.0,0.0,0.0,0,0,0,0,0,False
38,95,0,0,0,0,0,0,0,0,0,0,0,0,0,0,0.0,0.0,0.0,0.0,0,0,0,0,0,False
38,96,0,0,0,0,0,0,0,0,0,0,0,0,0,0,0.0,0.0,0.0,0.0,0,0,0,0,0,False
38,97,72,1,0,0,0,1,0,0,0,0,0,0,0,9,2.4,2.6,3.0,0.8,2,4,1,7,2,False
38,98,17,0,0,0,0,0,0,0,0,0,0,0,0,6,5.0,0.8,11.0,1.7,1,0,0,1,1,False
38,99,0,0,0,0,0,0,0,0,0,0,0,0,0,0,0.0,0.0,0.0,0.0,0,0,0,0,0,False
38,100,72,1,0,0,0,1,0,0,0,0,0,0,0,12,6.2,16.0,35.0,5.7,1,2,0,3,2,False
38,101,90,1,0,0,0,1,0,0,0,0,0,7,2,26,54.8,0.0,0.0,5.5,3,10,0,0,6,False
38,102,0,0,0,0,0,0,0,0,0,0,0,0,0,0,0.0,0.0,0.0,0.0,0,0,0,0,0,False
38,103,0,0,0,0,0,0,0,0,0,0,0,0,0,0,0.0,0.0,0.0,0.0,0,0,0,0,0,False
38,104,0,0,0,0,0,0,0,0,0,0,0,0,0,0,0.0,0.0,0.0,0.0,0,0,0,0,0,False
38,105,0,0,0,0,0,0,0,0,0,0,0,0,0,0,0.0,0.0,0.0,0.0,0,0,0,0,0,False
38,106,90,1,0,0,0,1,0,0,0,1,0,0,0,13,35.2,10.7,4.0,5.0,11,6,3,14,3,False
38,107,88,1,0,1,0,1,0,0,0,0,0,0,0,23,21.2,14.5,5.0,4.1,5,6,2,7,5,False
38,108,0,0,0,0,0,0,0,0,0,0,0,0,0,0,0.0,0.0,0.0,0.0,0,0,0,0,0,False
38,109,0,0,0,0,0,0,0,0,0,0,0,0,0,0,0.0,0.0,0.0,0.0,0,0,0,0,0,False
38,110,90,1,0,0,0,1,0,0,0,0,0,0,0,8,19.2,1.1,0.0,2.0,2,4,3,5,2,False
38,111,0,0,0,0,0,0,0,0,0,0,0,0,0,0,0.0,0.0,0.0,0.0,0,0,0,0,0,False
38,112,0,0,0,0,0,0,0,0,0,0,0,0,0,0,0.0,0.0,0.0,0.0,0,0,0,0,0,False
38,113,90,1,0,0,0,1,0,0,0,0,0,0,0,6,19.4,0.6,4.0,2.4,7,2,3,10,4,False
38,114,0,0,0,0,0,0,0,0,0,0,0,0,0,0,0.0,0.0,0.0,0.0,0,0,0,0,0,False
38,115,0,0,0,0,0,0,0,0,0,0,0,0,0,0,0.0,0.0,0.0,0.0,0,0,0,0,0,False
38,116,30,0,0,0,0,0,0,0,0,0,0,0,0,2,3.2,0.8,0.0,0.4,1,1,1,2,1,False
38,117,0,0,0,0,0,0,0,0,0,0,0,0,0,0,0.0,0.0,0.0,0.0,0,0,0,0,0,False
38,118,0,0,0,0,0,0,0,0,0,0,0,0,0,0,0.0,0.0,0.0,0.0,0,0,0,0,0,False
38,119,73,1,1,0,1,0,0,0,0,0,0,0,1,30,35.4,12.5,39.0,8.7,0,3,0,3,9,False
38,120,90,1,1,0,0,1,0,0,0,0,0,0,0,20,37.6,2.7,63.0,10.3,1,4,1,6,7,False
38,121,7,0,0,0,0,0,0,0,0,0,0,0,0,8,14.6,30.2,6.0,5.1,1,1,0,2,1,False
38,122,0,0,0,0,0,0,0,0,0,0,0,0,0,0,0.0,0.0,0.0,0.0,0,0,0,0,0,False
38,123,0,0,0,0,0,0,0,0,0,0,0,0,0,0,0.0,0.0,0.0,0.0,0,0,0,0,0,False
38,124,59,1,0,0,0,1,0,0,0,1,0,0,0,7,4.6,9.0,0.0,1.4,0,2,1,3,0,False
38,125,90,1,0,0,0,1,0,0,0,1,0,0,0,19,14.4,17.0,6.0,3.7,1,6,3,10,1,False
38,126,82,1,0,0,0,1,0,0,0,0,0,0,0,12,7.6,37.4,3.0,4.8,1,5,1,7,2,False
38,127,0,0,0,0,0,0,0,0,0,0,0,0,0,0,0.0,0.0,0.0,0.0,0,0,0,0,0,False
38,128,0,0,0,0,0,0,0,0,0,0,0,0,0,0,0.0,0.0,0.0,0.0,0,0,0,0,0,False
38,129,0,0,0,0,0,0,0,0,0,0,0,0,0,0,0.0,0.0,0.0,0.0,0,0,0,0,0,False
38,130,0,0,0,0,0,0,0,0,0,0,0,0,0,0,0.0,0.0,0.0,0.0,0,0,0,0,0,False
38,131,0,0,0,0,0,0,0,0,0,0,0,0,0,0,0.0,0.0,0.0,0.0,0,0,0,0,0,False
38,132,0,0,0,0,0,0,0,0,0,0,0,0,0,0,0.0,0.0,0.0,0.0,0,0,0,0,0,False
38,133,0,0,0,0,0,0,0,0,0,0,0,0,0,0,0.0,0.0,0.0,0.0,0,0,0,0,0,False
38,134,0,0,0,0,0,0,0,0,0,0,0,0,0,0,0.0,0.0,0.0,0.0,0,0,0,0,0,False
38,135,24,0,0,0,0,1,0,0,0,1,0,0,0,2,2.0,10.4,2.0,1.4,0,1,0,1,0,False
38,136,90,1,0,0,0,1,0,0,0,0,0,0,0,8,8.6,3.8,11.0,2.3,2,1,2,5,2,False
38,137,0,0,0,0,0,0,0,0,0,0,0,0,0,0,0.0,0.0,0.0,0.0,0,0,0,0,0,False
38,138,0,0,0,0,0,0,0,0,0,0,0,0,0,0,0.0,0.0,0.0,0.0,0,0,0,0,0,False
38,139,90,1,0,0,0,3,0,0,0,0,0,5,0,12,38.8,0.0,0.0,3.9,1,10,0,0,2,False
38,140,0,0,0,0,0,0,0,0,0,0,0,0,0,0,0.0,0.0,0.0,0.0,0,0,0,0,0,False
38,141,0,0,0,0,0,0,0,0,0,0,0,0,0,0,0.0,0.0,0.0,0.0,0,0,0,0,0,False
38,142,0,0,0,0,0,0,0,0,0,0,0,0,0,0,0.0,0.0,0.0,0.0,0,0,0,0,0,False
38,143,0,0,0,0,0,0,0,0,0,0,0,0,0,0,0.0,0.0,0.0,0.0,0,0,0,0,0,False
38,144,0,0,0,0,0,0,0,0,0,0,0,0,0,0,0.0,0.0,0.0,0.0,0,0,0,0,0,False
38,145,45,1,0,0,0,2,0,0,0,0,0,0,0,-1,10.2,44.4,7.0,6.2,0,0,1,1,0,False
38,146,90,1,0,0,0,3,0,0,0,0,0,0,0,4,16.0,3.3,2.0,2.1,3,5,2,5,1,False
38,147,0,0,0,0,0,0,0,0,0,0,0,0,0,0,0.0,0.0,0.0,0.0,0,0,0,0,0,False
38,148,90,1,0,0,0,3,0,0,0,0,0,0,0,1,6.6,5.3,4.0,1.6,3,3,1,4,1,False
38,149,0,0,0,0,0,0,0,0,0,0,0,0,0,0,0.0,0.0,0.0,0.0,0,0,0,0,0,False
38,150,0,0,0,0,0,0,0,0,0,0,0,0,0,0,0.0,0.0,0.0,0.0,0,0,0,0,0,False
38,151,90,1,0,0,0,3,0,0,0,0,0,0,0,2,17.6,1.6,0.0,1.9,6,2,1,7,1,False
38,152,0,0,0,0,0,0,0,0,0,0,0,0,0,0,0.0,0.0,0.0,0.0,0,0,0,0,0,False
38,153,0,0,0,0,0,0,0,0,0,0,0,0,0,0,0.0,0.0,0.0,0.0,0,0,0,0,0,False
38,154,0,0,0,0,0,0,0,0,0,0,0,0,0,0,0.0,0.0,0.0,0.0,0,0,0,0,0,False
38,155,0,0,0,0,0,0,0,0,0,0,0,0,0,0,0.0,0.0,0.0,0.0,0,0,0,0,0,False
38,156,0,0,0,0,0,0,0,0,0,0,0,0,0,0,0.0,0.0,0.0,0.0,0,0,0,0,0,False
38,157,0,0,0,0,0,0,0,0,0,0,0,0,0,0,0.0,0.0,0.0,0.0,0,0,0,0,0,False
38,158,16,0,0,0,0,0,0,0,0,0,0,0,0,1,1.6,1.6,5.0,0.8,1,1,0,2,1,False
38,159,31,0,0,0,0,0,0,0,0,0,0,0,0,9,7.4,1.9,23.0,3.2,0,3,2,5,1,False
38,160,45,0,0,0,0,1,0,0,0,0,0,0,0,6,9.2,15.5,0.0,2.5,0,0,3,3,1,False
38,161,0,0,0,0,0,0,0,0,0,0,0,0,0,0,0.0,0.0,0.0,0.0,0,0,0,0,0,False
38,162,0,0,0,0,0,0,0,0,0,0,0,0,0,0,0.0,0.0,0.0,0.0,0,0,0,0,0,False
38,163,73,1,0,0,0,3,0,0,0,0,0,0,0,10,4.2,11.6,4.0,2.0,0,2,1,3,2,False
38,164,0,0,0,0,0,0,0,0,0,0,0,0,0,0,0.0,0.0,0.0,0.0,0,0,0,0,0,False
38,165,0,0,0,0,0,0,0,0,0,0,0,0,0,0,0.0,0.0,0.0,0.0,0,0,0,0,0,False
38,166,0,0,0,0,0,0,0,0,0,0,0,0,0,0,0.0,0.0,0.0,0.0,0,0,0,0,0,False
38,167,31,0,0,0,0,0,0,0,0,0,0,0,0,9,10.4,21.5,2.0,3.4,1,6,2,9,1,False
38,168,12,0,0,0,0,2,0,0,0,0,0,0,0,4,7.2,14.3,2.0,2.4,1,0,0,1,1,False
38,169,58,1,0,0,0,3,0,0,0,0,0,0,0,4,0.0,1.4,18.0,1.8,2,6,1,9,1,False
38,170,58,1,0,0,0,3,0,0,0,0,0,0,0,5,1.4,1.9,0.0,0.3,1,2,1,4,1,False
38,171,0,0,0,0,0,0,0,0,0,0,0,0,0,0,0.0,0.0,0.0,0.0,0,0,0,0,0,False
38,172,0,0,0,0,0,0,0,0,0,0,0,0,0,0,0.0,0.0,0.0,0.0,0,0,0,0,0,False
38,173,90,1,0,0,0,3,0,0,0,0,0,0,0,11,9.6,2.8,0.0,1.2,1,2,2,5,2,False
38,174,0,0,0,0,0,0,0,0,0,0,0,0,0,0,0.0,0.0,0.0,0.0,0,0,0,0,0,False
38,175,0,0,0,0,0,0,0,0,0,0,0,0,0,0,0.0,0.0,0.0,0.0,0,0,0,0,0,False
38,176,0,0,0,0,0,0,0,0,0,0,0,0,0,0,0.0,0.0,0.0,0.0,0,0,0,0,0,False
38,177,0,0,0,0,0,0,0,0,0,0,0,0,0,0,0.0,0.0,0.0,0.0,0,0,0,0,0,False
38,178,58,1,0,0,0,3,0,0,0,0,0,0,0,-1,0.0,2.1,4.0,0.3,0,1,0,1,1,False
38,179,0,0,0,0,0,0,0,0,0,0,0,0,0,0,0.0,0.0,0.0,0.0,0,0,0,0,0,False
38,180,0,0,0,0,0,0,0,0,0,0,0,0,0,0,0.0,0.0,0.0,0.0,0,0,0,0,0,False
38,181,31,0,0,0,0,0,0,0,0,0,0,0,0,4,3.8,21.6,19.0,4.4,0,1,0,1,1,False
38,182,90,1,0,0,0,2,0,0,0,0,0,3,0,5,17.8,0.0,0.0,1.8,0,2,0,0,2,False
38,183,90,1,0,0,0,1,0,0,0,0,0,3,0,17,28.0,10.0,0.0,3.8,0,8,0,0,3,False
38,184,0,0,0,0,0,0,0,0,0,0,0,0,0,0,0.0,0.0,0.0,0.0,0,0,0,0,0,False
38,185,0,0,0,0,0,0,0,0,0,0,0,0,0,0,0.0,0.0,0.0,0.0,0,0,0,0,0,False
38,186,0,0,0,0,0,0,0,0,0,0,0,0,0,0,0.0,0.0,0.0,0.0,0,0,0,0,0,False
38,187,90,1,0,0,0,1,0,0,0,0,0,0,0,11,13.0,14.9,2.0,3.0,2,7,1,3,2,False
38,188,0,0,0,0,0,0,0,0,0,0,0,0,0,0,0.0,0.0,0.0,0.0,0,0,0,0,0,False
38,189,0,0,0,0,0,0,0,0,0,0,0,0,0,0,0.0,0.0,0.0,0.0,0,0,0,0,0,False
38,190,0,0,0,0,0,0,0,0,0,0,0,0,0,0,0.0,0.0,0.0,0.0,0,0,0,0,0,False
38,191,0,0,0,0,0,0,0,0,0,0,0,0,0,0,0.0,0.0,0.0,0.0,0,0,0,0,0,False
38,192,0,0,0,0,0,0,0,0,0,0,0,0,0,0,0.0,0.0,0.0,0.0,0,0,0,0,0,False
38,193,90,1,0,0,0,1,0,0,0,0,0,0,0,10,18.4,3.1,2.0,2.4,3,5,0,3,2,False
38,194,0,0,0,0,0,0,0,0,0,0,0,0,0,0,0.0,0.0,0.0,0.0,0,0,0,0,0,False
38,195,90,1,0,0,0,1,0,0,0,0,0,0,0,17,24.8,30.6,51.0,10.6,2,5,1,3,2,False
38,196,0,0,0,0,0,0,0,0,0,0,0,0,0,0,0.0,0.0,0.0,0.0,0,0,0,0,0,False
38,197,0,0,0,0,0,0,0,0,0,0,0,0,0,0,0.0,0.0,0.0,0.0,0,0,0,0,0,False
38,198,90,1,0,0,0,1,0,0,0,0,0,0,0,11,21.6,0.8,0.0,2.2,7,7,1,8,2,False
38,199,0,0,0,0,0,0,0,0,0,0,0,0,0,0,0.0,0.0,0.0,0.0,0,0,0,0,0,False
38,200,84,1,0,0,0,1,0,0,0,0,0,0,0,11,10.4,28.2,19.0,5.8,1,4,0,5,2,False
38,201,0,0,0,0,0,0,0,0,0,0,0,0,0,0,0.0,0.0,0.0,0.0,0,0,0,0,0,False
38,202,5,0,0,0,0,0,0,0,0,0,0,0,0,4,2.0,4.8,6.0,1.3,0,0,0,0,1,False
38,203,0,0,0,0,0,0,0,0,0,0,0,0,0,0,0.0,0.0,0.0,0.0,0,0,0,0,0,False
38,204,0,0,0,0,0,0,0,0,0,0,0,0,0,0,0.0,0.0,0.0,0.0,0,0,0,0,0,False
38,205,0,0,0,0,0,0,0,0,0,0,0,0,0,0,0.0,0.0,0.0,0.0,0,0,0,0,0,False
38,206,15,0,0,0,0,0,0,0,0,0,0,0,0,9,6.4,28.2,8.0,4.3,0,1,0,1,1,False
38,207,65,1,0,0,0,1,0,0,0,1,0,0,0,15,15.2,33.2,21.0,6.9,1,3,1,5,1,False
38,208,0,0,0,0,0,0,0,0,0,0,0,0,0,0,0.0,0.0,0.0,0.0,0,0,0,0,0,False
38,209,0,0,0,0,0,0,0,0,0,0,0,0,0,0,0.0,0.0,0.0,0.0,0,0,0,0,0,False
38,210,74,1,0,1,0,1,0,0,0,0,0,0,0,13,15.6,14.3,8.0,3.8,0,2,0,2,5,False
38,211,0,0,0,0,0,0,0,0,0,0,0,0,0,0,0.0,0.0,0.0,0.0,0,0,0,0,0,False
38,212,0,0,0,0,0,0,0,0,0,0,0,0,0,0,0.0,0.0,0.0,0.0,0,0,0,0,0,False
38,213,0,0,0,0,0,0,0,0,0,0,0,0,0,0,0.0,0.0,0.0,0.0,0,0,0,0,0,False
38,214,0,0,0,0,0,0,0,0,0,0,0,0,0,0,0.0,0.0,0.0,0.0,0,0,0,0,0,False
38,215,84,1,1,0,0,1,0,0,0,0,0,0,3,32,37.4,4.9,21.0,6.3,3,1,0,4,9,False
38,216,24,0,0,0,0,0,0,0,0,0,0,0,0,0,0.0,1.9,4.0,0.5,0,0,0,0,1,False
38,217,0,0,0,0,0,0,0,0,0,0,0,0,0,0,0.0,0.0,0.0,0.0,0,0,0,0,0,False
38,218,5,0,0,0,0,0,0,0,0,1,0,0,0,1,2.0,1.3,35.0,3.8,0,0,0,0,0,False
38,219,0,0,0,0,0,0,0,0,0,0,0,0,0,0,0.0,0.0,0.0,0.0,0,0,0,0,0,False
38,220,90,1,0,0,0,2,0,0,0,0,0,5,0,17,40.2,0.0,0.0,4.0,0,14,0,0,2,False
38,221,0,0,0,0,0,0,0,0,0,0,0,0,0,0,0.0,0.0,0.0,0.0,0,0,0,0,0,False
38,222,0,0,0,0,0,0,0,0,0,0,0,0,0,0,0.0,0.0,0.0,0.0,0,0,0,0,0,False
38,223,0,0,0,0,0,0,0,0,0,0,0,0,0,0,0.0,0.0,0.0,0.0,0,0,0,0,0,False
38,224,90,1,0,0,0,2,0,0,0,0,0,0,0,-1,5.0,1.9,0.0,0.7,0,4,2,2,1,False
38,225,38,0,0,0,0,0,0,0,0,0,0,0,0,5,5.0,1.6,7.0,1.4,0,2,0,0,1,False
38,226,25,0,0,0,0,0,0,0,0,0,0,0,0,5,11.4,0.3,0.0,1.2,4,1,0,4,1,False
38,227,90,1,0,0,0,2,0,0,0,0,0,0,0,12,31.2,1.2,4.0,3.6,12,5,1,13,3,False
38,228,84,1,0,0,0,2,1,0,0,0,0,0,0,0,11.2,12.5,4.0,2.8,5,2,2,7,-1,False
38,229,0,0,0,0,0,0,0,0,0,0,0,0,0,0,0.0,0.0,0.0,0.0,0,0,0,0,0,False
38,230,61,1,0,0,0,2,0,0,0,0,1,0,0,-9,2.0,0.3,0.0,0.2,7,3,0,7,-2,False
38,231,0,0,0,0,0,0,0,0,0,0,0,0,0,0,0.0,0.0,0.0,0.0,0,0,0,0,0,False
38,232,0,0,0,0,0,0,0,0,0,0,0,0,0,0,0.0,0.0,0.0,0.0,0,0,0,0,0,False
38,233,5,0,0,0,0,0,0,0,0,0,0,0,0,3,0.8,0.1,4.0,0.5,0,0,0,0,1,False
38,234,0,0,0,0,0,0,0,0,0,0,0,0,0,0,0.0,0.0,0.0,0.0,0,0,0,0,0,False
38,235,90,1,1,0,0,2,0,0,0,1,0,0,2,26,34.6,4.9,27.0,6.7,0,1,0,1,8,False
38,236,64,1,0,1,0,2,0,0,0,0,0,0,1,23,22.2,36.8,2.0,6.1,0,2,0,2,6,False
38,237,90,1,0,0,0,2,0,0,0,1,0,0,0,7,11.4,26.9,2.0,4.0,2,4,1,7,1,False
38,238,0,0,0,0,0,0,0,0,0,0,0,0,0,0,0.0,0.0,0.0,0.0,0,0,0,0,0,False
38,239,0,0,0,0,0,0,0,0,0,0,0,0,0,0,0.0,0.0,0.0,0.0,0,0,0,0,0,False
38,240,0,0,0,0,0,0,0,0,0,0,0,0,0,0,0.0,0.0,0.0,0.0,0,0,0,0,0,False
38,241,84,1,0,0,0,2,0,0,0,0,0,0,0,12,11.2,14.3,7.0,3.3,3,3,0,6,2,False
38,242,83,1,0,0,0,1,0,0,0,0,0,0,0,7,6.4,6.9,2.0,1.5,1,4,1,6,2,False
38,243,28,0,0,0,0,0,0,0,0,0,0,0,0,6,4.6,1.4,19.0,2.5,0,1,1,2,1,False
38,244,0,0,0,0,0,0,0,0,0,0,0,0,0,0,0.0,0.0,0.0,0.0,0,0,0,0,0,False
38,245,0,0,0,0,0,0,0,0,0,0,0,0,0,0,0.0,0.0,0.0,0.0,0,0,0,0,0,False
38,246,0,0,0,0,0,0,0,0,0,0,0,0,0,0,0.0,0.0,0.0,0.0,0,0,0,0,0,False
38,247,0,0,0,0,0,0,0,0,0,0,0,0,0,0,0.0,0.0,0.0,0.0,0,0,0,0,0,False
38,248,0,0,0,0,0,0,0,0,0,0,0,0,0,0,0.0,0.0,0.0,0.0,0,0,0,0,0,False
38,249,90,1,0,0,0,2,0,0,0,1,0,0,0,0,0.4,0.3,11.0,1.2,2,3,1,6,1,False
38,250,5,0,0,0,0,0,0,0,0,0,0,0,0,1,0.0,0.1,2.0,0.2,0,1,0,1,1,False
38,251,0,0,0,0,0,0,0,0,0,0,0,0,0,0,0.0,0.0,0.0,0.0,0,0,0,0,0,False
38,252,0,0,0,0,0,0,0,0,0,0,0,0,0,0,0.0,0.0,0.0,0.0,0,0,0,0,0,False
38,253,90,1,0,0,0,2,0,0,0,0,0,5,0,15,37.0,0.0,0.0,3.7,0,11,0,0,2,False
38,254,0,0,0,0,0,0,0,0,0,0,0,0,0,0,0.0,0.0,0.0,0.0,0,0,0,0,0,False
38,255,0,0,0,0,0,0,0,0,0,0,0,0,0,0,0.0,0.0,0.0,0.0,0,0,0,0,0,False
38,256,45,1,0,0,0,1,0,0,0,0,0,0,0,-3,1.6,1.8,17.0,2.0,0,0,0,0,1,False
38,257,0,0,0,0,0,0,0,0,0,0,0,0,0,0,0.0,0.0,0.0,0.0,0,0,0,0,0,False
38,258,45,0,0,0,0,1,0,0,0,0,0,0,0,2,9.0,0.5,0.0,1.0,3,3,0,3,1,False
38,259,0,0,0,0,0,0,0,0,0,0,0,0,0,0,0.0,0.0,0.0,0.0,0,0,0,0,0,False
38,260,0,0,0,0,0,0,0,0,0,0,0,0,0,0,0.0,0.0,0.0,0.0,0,0,0,0,0,False
38,261,0,0,0,0,0,0,0,0,0,0,0,0,0,0,0.0,0.0,0.0,0.0,0,0,0,0,0,False
38,262,90,1,0,0,0,2,0,0,0,0,0,0,0,14,26.8,0.8,19.0,4.7,10,10,2,12,3,False
38,263,90,1,0,0,0,2,0,0,0,0,0,0,0,1,16.6,1.4,0.0,1.8,7,1,1,8,1,False
38,264,0,0,0,0,0,0,0,0,0,0,0,0,0,0,0.0,0.0,0.0,0.0,0,0,0,0,0,False
38,265,0,0,0,0,0,0,0,0,0,0,0,0,0,0,0.0,0.0,0.0,0.0,0,0,0,0,0,False
38,266,15,0,0,0,0,1,0,0,0,0,0,0,0,5,7.4,0.8,17.0,2.5,1,1,1,3,1,False
38,267,45,1,0,0,0,1,0,0,0,0,0,0,0,4,3.2,2.0,4.0,0.9,1,2,0,3,1,False
38,268,0,0,0,0,0,0,0,0,0,0,0,0,0,0,0.0,0.0,0.0,0.0,0,0,0,0,0,False
38,269,0,0,0,0,0,0,0,0,0,0,0,0,0,0,0.0,0.0,0.0,0.0,0,0,0,0,0,False
38,270,90,1,0,0,0,2,0,0,0,0,0,0,0,16,16.2,12.6,2.0,3.1,2,1,2,5,2,False
38,271,45,1,0,0,0,1,0,0,0,0,0,0,0,3,6.4,1.3,0.0,0.8,1,2,2,5,1,False
38,272,90,1,0,0,0,2,0,0,0,0,0,0,0,14,20.2,14.4,6.0,4.1,9,2,2,13,4,False
38,273,16,0,0,0,0,1,0,0,0,0,0,0,0,4,0.0,0.7,0.0,0.0,0,1,0,1,1,False
38,274,0,0,0,0,0,0,0,0,0,0,0,0,0,0,0.0,0.0,0.0,0.0,0,0,0,0,0,False
38,275,0,0,0,0,0,0,0,0,0,0,0,0,0,0,0.0,0.0,0.0,0.0,0,0,0,0,0,False
38,276,90,1,0,0,0,2,0,0,0,0,0,0,0,7,7.4,2.0,0.0,0.9,1,2,2,5,2,False
38,277,0,0,0,0,0,0,0,0,0,0,0,0,0,0,0.0,0.0,0.0,0.0,0,0,0,0,0,False
38,278,0,0,0,0,0,0,0,0,0,0,0,0,0,0,0.0,0.0,0.0,0.0,0,0,0,0,0,False
38,279,0,0,0,0,0,0,0,0,0,0,0,0,0,0,0.0,0.0,0.0,0.0,0,0,0,0,0,False
38,280,0,0,0,0,0,0,0,0,0,0,0,0,0,0,0.0,0.0,0.0,0.0,0,0,0,0,0,False
38,281,0,0,0,0,0,0,0,0,0,0,0,0,0,0,0.0,0.0,0.0,0.0,0,0,0,0,0,False
38,282,0,0,0,0,0,0,0,0,0,0,0,0,0,0,0.0,0.0,0.0,0.0,0,0,0,0,0,False
38,283,13,0,1,0,0,0,0,0,0,0,0,0,1,27,32.0,0.0,17.0,4.9,0,0,0,0,6,False
38,284,0,0,0,0,0,0,0,0,0,0,0,0,0,0,0.0,0.0,0.0,0.0,0,0,0,0,0,False
38,285,0,0,0,0,0,0,0,0,0,0,0,0,0,0,0.0,0.0,0.0,0.0,0,0,0,0,0,False
38,286,0,0,0,0,0,0,0,0,0,0,0,0,0,0,0.0,0.0,0.0,0.0,0,0,0,0,0,False
38,287,90,1,0,0,0,1,0,0,0,0,0,1,0,8,15.6,0.0,0.0,1.6,3,7,0,0,2,False
38,288,0,0,0,0,0,0,0,0,0,0,0,0,0,0,0.0,0.0,0.0,0.0,0,0,0,0,0,False
38,289,0,0,0,0,0,0,0,0,0,0,0,0,0,0,0.0,0.0,0.0,0.0,0,0,0,0,0,False
38,290,0,0,0,0,0,0,0,0,0,0,0,0,0,0,0.0,0.0,0.0,0.0,0,0,0,0,0,False
38,291,90,1,0,0,0,1,0,0,0,1,0,0,0,3,23.4,0.5,8.0,3.2,9,2,1,10,3,False
38,292,90,1,0,0,0,1,0,0,0,0,0,0,0,9,16.6,15.3,0.0,3.2,3,2,3,6,2,False
38,293,61,1,0,0,0,1,0,0,0,1,0,0,0,3,7.4,11.5,0.0,1.9,3,1,1,4,1,False
38,294,6,0,0,0,0,0,0,0,0,0,0,0,0,6,7.0,18.7,0.0,2.6,0,0,0,0,1,False
38,295,90,1,0,0,0,1,0,0,0,0,0,0,0,6,17.8,4.1,21.0,4.3,9,2,2,11,4,False
38,296,0,0,0,0,0,0,0,0,0,0,0,0,0,0,0.0,0.0,0.0,0.0,0,0,0,0,0,False
38,297,0,0,0,0,0,0,0,0,0,0,0,0,0,0,0.0,0.0,0.0,0.0,0,0,0,0,0,False
38,298,0,0,0,0,0,0,0,0,0,0,0,0,0,0,0.0,0.0,0.0,0.0,0,0,0,0,0,False
38,299,90,1,0,0,0,1,0,0,0,0,0,0,0,12,11.8,14.3,5.0,3.1,0,3,3,6,2,False
38,300,0,0,0,0,0,0,0,0,0,0,0,0,0,0,0.0,0.0,0.0,0.0,0,0,0,0,0,False
38,301,6,0,0,0,0,0,0,0,0,0,0,0,0,7,4.6,15.8,4.0,2.4,0,1,1,2,1,False
38,302,0,0,0,0,0,0,0,0,0,0,0,0,0,0,0.0,0.0,0.0,0.0,0,0,0,0,0,False
38,303,90,1,0,0,0,1,0,0,0,0,0,0,0,27,27.2,56.4,3.0,8.7,2,7,4,13,4,False
38,304,83,1,0,0,0,1,0,0,0,0,0,0,0,6,21.6,1.6,0.0,2.3,5,5,3,13,4,False
38,305,28,0,0,0,0,0,0,0,0,0,0,0,0,3,1.4,3.1,0.0,0.5,0,0,0,0,1,False
38,306,0,0,0,0,0,0,0,0,0,0,0,0,0,0,0.0,0.0,0.0,0.0,0,0,0,0,0,False
38,307,0,0,0,0,0,0,0,0,0,0,0,0,0,0,0.0,0.0,0.0,0.0,0,0,0,0,0,False
38,308,0,0,0,0,0,0,0,0,0,0,0,0,0,0,0.0,0.0,0.0,0.0,0,0,0,0,0,False
38,309,0,0,0,0,0,0,0,0,0,0,0,0,0,0,0.0,0.0,0.0,0.0,0,0,0,0,0,False
38,310,83,1,0,0,0,1,0,0,0,0,0,0,0,0,0.2,1.4,6.0,0.8,2,2,0,4,2,False
38,311,6,0,0,0,0,0,0,0,0,0,0,0,0,3,0.0,0.1,0.0,0.0,0,0,0,0,1,False
38,312,0,0,0,0,0,0,0,0,0,0,0,0,0,0,0.0,0.0,0.0,0.0,0,0,0,0,0,False
38,313,0,0,0,0,0,0,0,0,0,0,0,0,0,0,0.0,0.0,0.0,0.0,0,0,0,0,0,False
38,314,90,1,0,0,1,0,0,0,0,0,0,2,0,28,16.8,0.0,0.0,1.7,0,11,0,0,6,False
38,315,0,0,0,0,0,0,0,0,0,0,0,0,0,0,0.0,0.0,0.0,0.0,0,0,0,0,0,False
38,316,90,1,0,0,1,0,0,0,0,1,0,0,1,29,15.2,13.8,4.0,3.3,4,4,3,7,6,False
38,317,0,0,0,0,0,0,0,0,0,0,0,0,0,0,0.0,0.0,0.0,0.0,0,0,0,0,0,False
38,318,90,1,0,0,1,0,0,0,0,0,0,0,0,27,13.2,10.9,0.0,2.4,4,5,2,6,6,False
38,319,90,1,0,0,1,0,0,0,0,0,0,0,2,31,12.8,13.9,9.0,3.6,4,2,2,6,8,False
38,320,85,1,1,0,1,0,0,0,0,0,0,0,3,41,46.6,0.7,17.0,6.4,5,1,0,5,15,True
38,321,4,0,0,0,0,0,0,0,0,1,0,0,0,0,5.0,0.1,0.0,0.5,3,0,0,3,0,False
38,322,0,0,0,0,0,0,0,0,0,0,0,0,0,0,0.0,0.0,0.0,0.0,0,0,0,0,0,False
38,323,0,0,0,0,0,0,0,0,0,0,0,0,0,0,0.0,0.0,0.0,0.0,0,0,0,0,0,False
38,324,90,1,0,0,1,0,0,0,0,0,0,0,0,15,13.2,43.0,38.0,9.4,1,6,1,8,3,False
38,325,71,1,0,0,1,0,0,0,0,0,0,0,0,11,7.4,5.4,7.0,2.0,1,1,2,4,3,False
38,326,0,0,0,0,0,0,0,0,0,0,0,0,0,0,0.0,0.0,0.0,0.0,0,0,0,0,0,False
38,327,0,0,0,0,0,0,0,0,0,0,0,0,0,0,0.0,0.0,0.0,0.0,0,0,0,0,0,False
38,328,0,0,0,0,0,0,0,0,0,0,0,0,0,0,0.0,0.0,0.0,0.0,0,0,0,0,0,False
38,329,18,0,0,1,0,0,0,0,0,0,0,0,0,14,17.0,11.3,8.0,3.6,0,0,1,1,4,False
38,330,90,1,0,0,1,0,0,0,0,0,0,0,0,16,15.0,34.8,4.0,5.4,2,3,1,6,3,False
38,331,30,0,1,0,0,0,0,0,0,0,0,0,0,27,38.6,28.7,9.0,7.6,2,2,1,5,6,False
38,332,0,0,0,0,0,0,0,0,0,0,0,0,0,0,0.0,0.0,0.0,0.0,0,0,0,0,0,False
38,333,0,0,0,0,0,0,0,0,0,0,0,0,0,0,0.0,0.0,0.0,0.0,0,0,0,0,0,False
38,334,0,0,0,0,0,0,0,0,0,0,0,0,0,0,0.0,0.0,0.0,0.0,0,0,0,0,0,False
38,335,18,0,0,0,0,0,0,0,0,0,0,0,0,7,6.4,11.8,21.0,3.9,0,3,1,4,1,False
38,336,0,0,0,0,0,0,0,0,0,0,0,0,0,0,0.0,0.0,0.0,0.0,0,0,0,0,0,False
38,337,18,0,0,0,0,0,0,0,0,0,0,0,0,2,0.0,0.1,1.0,0.0,0,0,1,1,1,False
38,338,71,1,0,0,1,0,0,0,0,0,0,0,0,5,0.2,0.5,31.0,3.2,0,1,1,2,2,False
38,339,0,0,0,0,0,0,0,0,0,0,0,0,0,0,0.0,0.0,0.0,0.0,0,0,0,0,0,False
38,340,0,0,0,0,0,0,0,0,0,0,0,0,0,0,0.0,0.0,0.0,0.0,0,0,0,0,0,False
38,341,90,1,0,0,0,3,0,0,0,0,0,5,0,11,40.2,0.0,0.0,4.0,0,10,0,0,2,False
38,342,77,1,0,0,0,1,0,0,0,0,0,0,0,12,13.4,18.7,6.0,3.8,4,2,4,8,2,False
38,343,90,1,0,0,0,3,0,0,0,0,0,0,0,0,12.0,1.3,0.0,1.3,4,2,2,6,1,False
38,344,69,1,0,0,0,1,0,0,0,1,0,0,0,6,17.8,0.7,4.0,2.3,8,2,1,9,1,False
38,345,1,0,0,0,0,1,0,0,0,0,0,0,0,-2,0.0,0.0,7.0,0.5,0,0,0,0,1,False
38,346,0,0,0,0,0,0,0,0,0,0,0,0,0,0,0.0,0.0,0.0,0.0,0,0,0,0,0,False
38,347,0,0,0,0,0,0,0,0,0,0,0,0,0,0,0.0,0.0,0.0,0.0,0,0,0,0,0,False
38,348,90,1,0,0,0,3,0,0,0,0,0,0,0,4,18.4,10.3,0.0,2.9,6,5,2,8,1,False
38,349,0,0,0,0,0,0,0,0,0,0,0,0,0,0,0.0,0.0,0.0,0.0,0,0,0,0,0,False
38,350,90,1,0,0,0,2,0,0,0,1,0,0,0,4,9.0,16.8,21.0,4.7,1,4,1,6,1,False
38,351,21,0,0,0,0,2,0,0,0,0,0,0,0,3,0.8,1.3,4.0,0.6,0,0,0,0,1,False
38,352,0,0,0,0,0,0,0,0,0,0,0,0,0,0,0.0,0.0,0.0,0.0,0,0,0,0,0,False
38,353,20,0,0,0,0,2,0,0,0,0,0,0,0,4,5.2,4.3,0.0,1.0,0,0,1,1,1,False
38,354,90,1,0,0,0,3,0,0,0,1,0,0,0,14,18.0,17.3,2.0,3.7,4,7,2,13,3,False
38,355,0,0,0,0,0,0,0,0,0,0,0,0,0,0,0.0,0.0,0.0,0.0,0,0,0,0,0,False
38,356,0,0,0,0,0,0,0,0,0,0,0,0,0,0,0.0,0.0,0.0,0.0,0,0,0,0,0,False
38,357,0,0,0,0,0,0,0,0,0,0,0,0,0,0,0.0,0.0,0.0,0.0,0,0,0,0,0,False
38,358,77,1,0,0,0,1,0,0,0,0,0,0,0,14,11.4,6.3,0.0,1.8,2,7,3,12,4,False
38,359,0,0,0,0,0,0,0,0,0,0,0,0,0,0,0.0,0.0,0.0,0.0,0,0,0,0,0,False
38,360,0,0,0,0,0,0,0,0,0,0,0,0,0,0,0.0,0.0,0.0,0.0,0,0,0,0,0,False
38,361,0,0,0,0,0,0,0,0,0,0,0,0,0,0,0.0,0.0,0.0,0.0,0,0,0,0,0,False
38,362,12,0,0,0,0,2,0,0,0,0,0,0,0,4,3.0,0.1,23.0,2.6,0,0,1,1,1,False
38,363,0,0,0,0,0,0,0,0,0,0,0,0,0,0,0.0,0.0,0.0,0.0,0,0,0,0,0,False
38,364,0,0,0,0,0,0,0,0,0,0,0,0,0,0,0.0,0.0,0.0,0.0,0,0,0,0,0,False
38,365,90,1,0,0,0,3,0,0,0,0,0,0,0,9,7.2,25.3,19.0,5.2,0,4,1,5,2,False
38,366,90,1,0,0,0,1,0,0,0,0,0,1,0,7,11.4,0.0,0.0,1.1,0,8,0,0,2,False
38,367,0,0,0,0,0,0,0,0,0,0,0,0,0,0,0.0,0.0,0.0,0.0,0,0,0,0,0,False
38,368,0,0,0,0,0,0,0,0,0,0,0,0,0,0,0.0,0.0,0.0,0.0,0,0,0,0,0,False
38,369,0,0,0,0,0,0,0,0,0,0,0,0,0,0,0.0,0.0,0.0,0.0,0,0,0,0,0,False
38,370,16,0,0,0,0,0,0,0,0,0,0,0,0,7,4.8,16.2,4.0,2.5,0,2,0,0,1,False
38,371,7,0,0,0,0,0,0,0,0,0,0,0,0,4,3.4,0.4,2.0,0.6,2,1,0,2,1,False
38,372,82,1,0,0,0,1,0,0,0,0,0,0,0,12,17.2,31.6,2.0,5.1,4,2,0,4,2,False
38,373,90,1,0,0,0,1,0,0,0,0,0,0,0,11,22.2,11.6,1.0,3.5,6,2,0,6,2,False
38,374,88,1,0,0,0,1,0,0,0,1,0,0,0,10,13.8,12.5,21.0,4.7,3,7,1,4,1,False
38,375,0,0,0,0,0,0,0,0,0,0,0,0,0,0,0.0,0.0,0.0,0.0,0,0,0,0,0,False
38,376,1,0,0,0,0,0,0,0,0,0,0,0,0,3,0.0,0.0,0.0,0.0,0,0,0,0,1,False
38,377,0,0,0,0,0,0,0,0,0,0,0,0,0,0,0.0,0.0,0.0,0.0,0,0,0,0,0,False
38,378,0,0,0,0,0,0,0,0,0,0,0,0,0,0,0.0,0.0,0.0,0.0,0,0,0,0,0,False
38,379,0,0,0,0,0,0,0,0,0,0,0,0,0,0,0.0,0.0,0.0,0.0,0,0,0,0,0,False
38,380,0,0,0,0,0,0,0,0,0,0,0,0,0,0,0.0,0.0,0.0,0.0,0,0,0,0,0,False
38,381,73,1,0,1,0,1,0,0,0,0,0,0,1,25,26.4,20.3,64.0,11.1,0,7,1,8,6,False
38,382,17,0,0,0,0,0,0,0,0,0,0,0,0,3,5.6,2.0,23.0,3.1,1,4,1,6,1,False
38,383,0,0,0,0,0,0,0,0,0,0,0,0,0,0,0.0,0.0,0.0,0.0,0,0,0,0,0,False
38,384,90,1,0,0,0,1,0,0,0,0,0,0,0,4,8.0,32.8,16.0,5.7,1,3,0,4,2,False
38,385,0,0,0,0,0,0,0,0,0,0,0,0,0,0,0.0,0.0,0.0,0.0,0,0,0,0,0,False
38,386,90,1,0,0,0,1,0,0,0,1,0,0,0,11,15.0,34.8,33.0,8.3,1,0,3,4,1,False
38,387,90,1,0,0,0,1,0,0,0,0,0,0,0,20,22.0,55.7,23.0,10.1,1,5,3,9,2,False
38,388,90,1,1,0,0,1,0,0,0,0,0,0,3,37,56.4,16.7,21.0,9.4,5,5,1,11,10,True
38,389,0,0,0,0,0,0,0,0,0,0,0,0,0,0,0.0,0.0,0.0,0.0,0,0,0,0,0,False
38,390,82,1,0,0,0,1,0,0,0,0,0,0,0,14,10.8,13.1,15.0,3.9,2,2,3,7,2,False
38,391,33,0,0,0,0,0,0,0,0,0,0,0,0,4,4.0,1.4,22.0,2.7,0,2,1,3,1,False
38,392,0,0,0,0,0,0,0,0,0,0,0,0,0,0,0.0,0.0,0.0,0.0,0,0,0,0,0,False
38,393,0,0,0,0,0,0,0,0,0,0,0,0,0,0,0.0,0.0,0.0,0.0,0,0,0,0,0,False
38,394,0,0,0,0,0,0,0,0,0,0,0,0,0,0,0.0,0.0,0.0,0.0,0,0,0,0,0,False
38,395,0,0,0,0,0,0,0,0,0,0,0,0,0,0,0.0,0.0,0.0,0.0,0,0,0,0,0,False
38,396,7,0,0,0,0,0,0,0,0,0,0,0,0,2,1.8,0.7,0.0,0.3,0,2,1,3,1,False
38,397,0,0,0,0,0,0,0,0,0,0,0,0,0,0,0.0,0.0,0.0,0.0,0,0,0,0,0,False
38,398,0,0,0,0,0,0,0,0,0,0,0,0,0,0,0.0,0.0,0.0,0.0,0,0,0,0,0,False
38,399,0,0,0,0,0,0,0,0,0,0,0,0,0,0,0.0,0.0,0.0,0.0,0,0,0,0,0,False
38,400,0,0,0,0,0,0,0,0,0,0,0,0,0,0,0.0,0.0,0.0,0.0,0,0,0,0,0,False
38,401,0,0,0,0,0,0,0,0,0,0,0,0,0,0,0.0,0.0,0.0,0.0,0,0,0,0,0,False
38,402,13,0,0,0,0,0,0,0,0,0,0,0,0,3,5.2,0.5,2.0,0.8,1,1,2,3,1,False
38,403,12,0,0,0,0,0,0,0,0,0,0,0,0,3,4.0,0.5,0.0,0.5,1,1,0,1,1,False
38,404,0,0,0,0,0,0,0,0,0,0,0,0,0,0,0.0,0.0,0.0,0.0,0,0,0,0,0,False
38,405,76,1,0,0,0,2,0,0,0,0,0,0,0,2,6.8,2.8,10.0,2.0,1,3,0,1,1,False
38,406,0,0,0,0,0,0,0,0,0,0,0,0,0,0,0.0,0.0,0.0,0.0,0,0,0,0,0,False
38,407,0,0,0,0,0,0,0,0,0,0,0,0,0,0,0.0,0.0,0.0,0.0,0,0,0,0,0,False
38,408,90,1,0,0,0,2,0,0,0,0,0,0,0,6,11.6,12.7,0.0,2.4,3,3,0,3,1,False
38,409,77,1,0,0,0,2,0,0,0,0,0,0,0,7,19.6,3.5,2.0,2.5,9,2,1,10,3,False
38,410,90,1,0,0,0,2,0,0,0,1,0,0,0,-3,3.4,15.2,12.0,3.1,0,5,0,0,0,False
38,411,0,0,0,0,0,0,0,0,0,0,0,0,0,0,0.0,0.0,0.0,0.0,0,0,0,0,0,False
38,412,0,0,0,0,0,0,0,0,0,0,0,0,0,0,0.0,0.0,0.0,0.0,0,0,0,0,0,False
38,413,0,0,0,0,0,0,0,0,0,0,0,0,0,0,0.0,0.0,0.0,0.0,0,0,0,0,0,False
38,414,90,1,0,0,0,2,0,0,0,0,0,0,0,11,9.4,38.9,10.0,5.8,0,2,0,2,2,False
38,415,90,1,0,0,0,2,0,0,0,0,0,0,0,1,0.8,27.7,29.0,5.8,0,2,0,2,2,False
38,416,58,1,0,0,0,1,0,0,0,0,0,0,0,11,12.6,3.2,35.0,5.1,2,2,4,8,1,False
38,417,32,0,0,0,0,1,0,0,0,0,0,0,0,1,0.0,9.8,7.0,1.6,0,0,0,0,1,False
38,418,13,0,0,0,0,0,0,0,0,0,0,0,0,2,0.0,3.6,12.0,1.5,0,0,0,0,1,False
38,419,0,0,0,0,0,0,0,0,0,0,0,0,0,0,0.0,0.0,0.0,0.0,0,0,0,0,0,False
38,420,0,0,0,0,0,0,0,0,0,0,0,0,0,0,0.0,0.0,0.0,0.0,0,0,0,0,0,False
38,421,0,0,0,0,0,0,0,0,0,0,0,0,0,0,0.0,0.0,0.0,0.0,0,0,0,0,0,False
38,422,31,0,0,0,0,1,0,0,0,0,0,0,0,5,5.2,12.2,2.0,1.9,2,2,0,4,1,False
38,423,90,1,0,0,0,2,0,0,0,0,0,0,0,17,17.2,18.0,7.0,4.2,4,7,3,14,4,False
38,424,71,1,0,0,1,0,0,0,0,0,0,0,0,8,6.2,22.8,2.0,3.1,1,4,0,5,3,False
38,425,0,0,0,0,0,0,0,0,0,0,0,0,0,0,0.0,0.0,0.0,0.0,0,0,0,0,0,False
38,426,12,0,0,0,0,0,0,0,0,0,0,0,0,2,0.2,3.1,2.0,0.5,0,3,0,3,1,False
38,427,76,1,0,1,0,2,0,0,0,0,0,0,0,9,0.0,5.4,34.0,3.7,0,0,0,0,5,False
38,428,0,0,0,0,0,0,0,0,0,0,0,0,0,0,0.0,0.0,0.0,0.0,0,0,0,0,0,False
38,429,0,0,0,0,0,0,0,0,0,0,0,0,0,0,0.0,0.0,0.0,0.0,0,0,0,0,0,False
38,430,0,0,0,0,0,0,0,0,0,0,0,0,0,0,0.0,0.0,0.0,0.0,0,0,0,0,0,False
38,431,0,0,0,0,0,0,0,0,0,0,0,0,0,0,0.0,0.0,0.0,0.0,0,0,0,0,0,False
38,432,0,0,0,0,0,0,0,0,0,0,0,0,0,0,0.0,0.0,0.0,0.0,0,0,0,0,0,False
38,433,0,0,0,0,0,0,0,0,0,0,0,0,0,0,0.0,0.0,0.0,0.0,0,0,0,0,0,False
38,434,0,0,0,0,0,0,0,0,0,0,0,0,0,0,0.0,0.0,0.0,0.0,0,0,0,0,0,False
38,435,0,0,0,0,0,0,0,0,0,0,0,0,0,0,0.0,0.0,0.0,0.0,0,0,0,0,0,False
38,436,0,0,0,0,0,0,0,0,0,0,0,0,0,0,0.0,0.0,0.0,0.0,0,0,0,0,0,False
38,437,90,1,0,0,1,0,0,0,0,0,0,0,0,26,12.2,1.3,0.0,1.4,3,3,1,4,6,False
38,438,73,1,0,0,1,0,0,0,0,0,0,0,0,26,13.2,13.3,2.0,2.9,4,4,1,5,6,False
38,439,0,0,0,0,0,0,0,0,0,0,0,0,0,0,0.0,0.0,0.0,0.0,0,0,0,0,0,False
38,440,0,0,0,0,0,0,0,0,0,0,0,0,0,0,0.0,0.0,0.0,0.0,0,0,0,0,0,False
38,441,61,1,1,1,1,0,0,0,0,0,0,0,3,50,59.8,22.2,55.0,13.7,0,1,1,1,18,True
38,442,90,1,0,0,1,0,0,0,0,0,0,0,0,26,20.4,11.0,4.0,3.5,6,2,1,7,6,False
38,443,81,1,0,0,1,0,0,0,0,0,0,0,0,23,9.4,1.8,1.0,1.2,4,2,2,6,6,False
38,444,16,0,0,0,0,0,0,0,0,0,0,0,0,5,8.0,0.3,0.0,0.8,3,0,1,4,1,False
38,445,0,0,0,0,0,0,0,0,0,0,0,0,0,0,0.0,0.0,0.0,0.0,0,0,0,0,0,False
38,446,0,0,0,0,0,0,0,0,0,0,0,0,0,0,0.0,0.0,0.0,0.0,0,0,0,0,0,False
38,447,0,0,0,0,0,0,0,0,0,0,0,0,0,0,0.0,0.0,0.0,0.0,0,0,0,0,0,False
38,448,8,0,0,0,0,0,0,0,0,0,0,0,0,4,4.0,1.0,0.0,0.5,0,1,2,2,1,False
38,449,90,1,1,1,1,0,0,0,0,0,0,0,3,50,65.0,48.5,19.0,13.3,1,6,2,9,14,True
38,450,0,0,0,0,0,0,0,0,0,0,0,0,0,0,0.0,0.0,0.0,0.0,0,0,0,0,0,False
38,451,0,0,0,0,0,0,0,0,0,0,0,0,0,0,0.0,0.0,0.0,0.0,0,0,0,0,0,False
38,452,90,1,0,1,1,0,0,0,0,0,0,0,1,30,28.8,17.7,38.0,8.5,2,7,1,10,7,False
38,453,0,0,0,0,0,0,0,0,0,0,0,0,0,0,0.0,0.0,0.0,0.0,0,0,0,0,0,False
38,454,0,0,0,0,0,0,0,0,0,0,0,0,0,0,0.0,0.0,0.0,0.0,0,0,0,0,0,False
38,455,73,1,0,0,1,0,0,0,0,0,0,0,0,19,11.8,4.6,4.0,2.0,2,7,4,13,5,False
38,456,0,0,0,0,0,0,0,0,0,0,0,0,0,0,0.0,0.0,0.0,0.0,0,0,0,0,0,False
38,457,0,0,0,0,0,0,0,0,0,0,0,0,0,0,0.0,0.0,0.0,0.0,0,0,0,0,0,False
38,458,90,1,0,0,1,0,0,0,0,1,0,0,0,11,13.4,13.8,16.0,4.3,2,3,2,7,2,False
38,459,0,0,0,0,0,0,0,0,0,0,0,0,0,0,0.0,0.0,0.0,0.0,0,0,0,0,0,False
38,460,0,0,0,0,0,0,0,0,0,0,0,0,0,0,0.0,0.0,0.0,0.0,0,0,0,0,0,False
38,461,0,0,0,0,0,0,0,0,0,0,0,0,0,0,0.0,0.0,0.0,0.0,0,0,0,0,0,False
38,462,0,0,0,0,0,0,0,0,0,0,0,0,0,0,0.0,0.0,0.0,0.0,0,0,0,0,0,False
38,463,0,0,0,0,0,0,0,0,0,0,0,0,0,0,0.0,0.0,0.0,0.0,0,0,0,0,0,False
38,464,0,0,0,0,0,0,0,0,0,0,0,0,0,0,0.0,0.0,0.0,0.0,0,0,0,0,0,False
38,465,0,0,0,0,0,0,0,0,0,0,0,0,0,0,0.0,0.0,0.0,0.0,0,0,0,0,0,False
38,466,16,0,0,0,0,0,0,0,0,0,0,0,0,2,0.0,1.8,0.0,0.2,0,0,0,0,1,False
38,467,0,0,0,0,0,0,0,0,0,0,0,0,0,0,0.0,0.0,0.0,0.0,0,0,0,0,0,False
38,468,0,0,0,0,0,0,0,0,0,0,0,0,0,0,0.0,0.0,0.0,0.0,0,0,0,0,0,False
38,469,90,1,0,0,0,2,0,0,0,0,0,4,0,12,27.2,0.0,0.0,2.7,1,12,0,0,2,False
38,470,0,0,0,0,0,0,0,0,0,0,0,0,0,0,0.0,0.0,0.0,0.0,0,0,0,0,0,False
38,471,0,0,0,0,0,0,0,0,0,0,0,0,0,0,0.0,0.0,0.0,0.0,0,0,0,0,0,False
38,472,0,0,0,0,0,0,0,0,0,0,0,0,0,0,0.0,0.0,0.0,0.0,0,0,0,0,0,False
38,473,90,1,0,0,0,2,0,0,0,0,0,0,0,6,10.6,27.5,5.0,4.3,6,5,1,7,1,False
38,474,0,0,0,0,0,0,0,0,0,0,0,0,0,0,0.0,0.0,0.0,0.0,0,0,0,0,0,False
38,475,90,1,0,0,0,2,0,0,0,0,0,0,0,9,35.8,0.7,0.0,3.7,10,1,1,11,3,False
38,476,83,1,0,0,0,2,0,0,0,0,0,0,0,7,13.2,0.8,0.0,1.4,3,4,2,5,1,False
38,477,0,0,0,0,0,0,0,0,0,0,0,0,0,0,0.0,0.0,0.0,0.0,0,0,0,0,0,False
38,478,0,0,0,0,0,0,0,0,0,0,0,0,0,0,0.0,0.0,0.0,0.0,0,0,0,0,0,False
38,479,0,0,0,0,0,0,0,0,0,0,0,0,0,0,0.0,0.0,0.0,0.0,0,0,0,0,0,False
38,480,0,0,0,0,0,0,0,0,0,0,0,0,0,0,0.0,0.0,0.0,0.0,0,0,0,0,0,False
38,481,6,0,0,0,0,0,0,0,0,0,0,0,0,4,8.0,0.6,2.0,1.1,3,0,0,3,1,False
38,482,0,0,0,0,0,0,0,0,0,0,0,0,0,0,0.0,0.0,0.0,0.0,0,0,0,0,0,False
38,483,0,0,0,0,0,0,0,0,0,0,0,0,0,0,0.0,0.0,0.0,0.0,0,0,0,0,0,False
38,484,0,0,0,0,0,0,0,0,0,0,0,0,0,0,0.0,0.0,0.0,0.0,0,0,0,0,0,False
38,485,0,0,0,0,0,0,0,0,0,0,0,0,0,0,0.0,0.0,0.0,0.0,0,0,0,0,0,False
38,486,24,0,0,0,0,1,0,0,0,0,0,0,0,5,0.8,0.5,2.0,0.3,0,1,0,1,1,False
38,487,45,0,0,0,0,1,0,0,0,0,0,0,0,2,1.2,13.6,15.0,3.0,0,0,0,0,1,False
38,488,65,1,0,0,0,1,0,0,0,1,0,0,0,8,2.4,3.9,9.0,1.5,0,4,0,4,1,False
38,489,45,1,0,0,0,1,0,0,0,0,0,0,0,4,1.0,2.1,2.0,0.5,1,0,0,1,1,False
38,490,0,0,0,0,0,0,0,0,0,0,0,0,0,0,0.0,0.0,0.0,0.0,0,0,0,0,0,False
38,491,0,0,0,0,0,0,0,0,0,0,0,0,0,0,0.0,0.0,0.0,0.0,0,0,0,0,0,False
38,492,0,0,0,0,0,0,0,0,0,0,0,0,0,0,0.0,0.0,0.0,0.0,0,0,0,0,0,False
38,493,0,0,0,0,0,0,0,0,0,0,0,0,0,0,0.0,0.0,0.0,0.0,0,0,0,0,0,False
38,494,90,1,0,0,0,2,0,0,0,0,0,0,0,13,17.8,7.8,24.0,5.0,3,1,2,6,2,False
38,495,0,0,0,0,0,0,0,0,0,0,0,0,0,0,0.0,0.0,0.0,0.0,0,0,0,0,0,False
38,496,0,0,0,0,0,0,0,0,0,0,0,0,0,0,0.0,0.0,0.0,0.0,0,0,0,0,0,False
38,497,0,0,0,0,0,0,0,0,0,0,0,0,0,0,0.0,0.0,0.0,0.0,0,0,0,0,0,False
38,498,0,0,0,0,0,0,0,0,0,0,0,0,0,0,0.0,0.0,0.0,0.0,0,0,0,0,0,False
38,499,0,0,0,0,0,0,0,0,0,0,0,0,0,0,0.0,0.0,0.0,0.0,0,0,0,0,0,False
38,500,65,1,0,0,0,1,0,0,0,0,0,0,0,9,1.0,0.1,2.0,0.3,0,1,1,2,2,False
38,501,13,0,0,0,0,1,0,0,0,0,0,0,0,2,0.0,0.0,5.0,0.5,0,0,0,0,1,False
38,502,90,1,0,0,0,1,0,0,0,0,0,3,0,11,24.4,0.0,0.0,2.4,1,4,0,0,3,False
38,503,0,0,0,0,0,0,0,0,0,0,0,0,0,0,0.0,0.0,0.0,0.0,0,0,0,0,0,False
38,504,0,0,0,0,0,0,0,0,0,0,0,0,0,0,0.0,0.0,0.0,0.0,0,0,0,0,0,False
38,505,90,1,0,0,0,1,0,0,0,0,0,0,0,10,27.4,20.4,4.0,5.2,9,4,1,10,4,False
38,506,0,0,0,0,0,0,0,0,0,0,0,0,0,0,0.0,0.0,0.0,0.0,0,0,0,0,0,False
38,507,0,0,0,0,0,0,0,0,0,0,0,0,0,0,0.0,0.0,0.0,0.0,0,0,0,0,0,False
38,508,90,1,0,0,0,1,0,0,0,0,0,0,0,7,16.4,9.3,27.0,5.3,6,6,2,8,2,False
38,509,0,0,0,0,0,0,0,0,0,0,0,0,0,0,0.0,0.0,0.0,0.0,0,0,0,0,0,False
38,510,62,1,0,0,0,1,0,0,0,0,0,0,0,1,0.0,0.2,0.0,0.0,3,3,0,3,2,False
38,511,90,1,0,0,0,1,0,0,0,0,0,0,0,8,26.2,0.3,2.0,2.9,11,1,1,12,4,False
38,512,0,0,0,0,0,0,0,0,0,0,0,0,0,0,0.0,0.0,0.0,0.0,0,0,0,0,0,False
38,513,0,0,0,0,0,0,0,0,0,0,0,0,0,0,0.0,0.0,0.0,0.0,0,0,0,0,0,False
38,514,0,0,0,0,0,0,0,0,0,0,0,0,0,0,0.0,0.0,0.0,0.0,0,0,0,0,0,False
38,515,90,1,1,0,0,1,0,0,0,0,0,0,2,27,37.4,26.8,23.0,8.7,0,3,0,3,9,False
38,516,0,0,0,0,0,0,0,0,0,0,0,0,0,0,0.0,0.0,0.0,0.0,0,0,0,0,0,False
38,517,64,1,0,0,0,1,0,0,0,0,0,0,0,18,12.0,30.0,1.0,4.3,2,4,3,9,2,False
38,518,0,0,0,0,0,0,0,0,0,0,0,0,0,0,0.0,0.0,0.0,0.0,0,0,0,0,0,False
38,519,25,0,0,0,0,0,0,0,0,0,0,0,0,6,5.2,2.1,5.0,1.2,0,1,2,3,1,False
38,520,0,0,0,0,0,0,0,0,0,0,0,0,0,0,0.0,0.0,0.0,0.0,0,0,0,0,0,False
38,521,64,1,0,0,0,1,0,0,0,0,0,0,0,11,19.6,2.7,0.0,2.2,8,8,0,16,4,False
38,522,25,0,0,0,0,0,0,0,0,0,0,0,0,5,11.0,0.4,7.0,1.8,2,2,2,6,1,False
38,523,0,0,0,0,0,0,0,0,0,0,0,0,0,0,0.0,0.0,0.0,0.0,0,0,0,0,0,False
38,524,0,0,0,0,0,0,0,0,0,0,0,0,0,0,0.0,0.0,0.0,0.0,0,0,0,0,0,False
38,525,61,1,0,0,0,1,0,0,0,0,0,0,0,6,4.6,12.4,28.0,4.5,1,2,0,3,2,False
38,526,90,1,0,0,0,1,0,0,0,0,0,0,0,13,5.6,3.6,23.0,3.2,0,5,1,6,2,False
38,527,28,0,0,0,0,0,0,0,0,1,0,0,0,-5,0.0,0.1,7.0,0.5,0,0,1,1,0,False
38,528,0,0,0,0,0,0,0,0,0,0,0,0,0,0,0.0,0.0,0.0,0.0,0,0,0,0,0,False
38,529,0,0,0,0,0,0,0,0,0,0,0,0,0,0,0.0,0.0,0.0,0.0,0,0,0,0,0,False
38,530,0,0,0,0,0,0,0,0,0,0,0,0,0,0,0.0,0.0,0.0,0.0,0,0,0,0,0,False
38,531,0,0,0,0,0,0,0,0,0,0,0,0,0,0,0.0,0.0,0.0,0.0,0,0,0,0,0,False
38,532,90,1,1,0,0,1,0,0,0,0,0,0,0,22,50.8,64.8,20.0,13.6,0,2,3,3,8,False
38,533,0,0,0,0,0,0,0,0,0,0,0,0,0,0,0.0,0.0,0.0,0.0,0,0,0,0,0,False
38,534,0,0,0,0,0,0,0,0,0,0,0,0,0,0,0.0,0.0,0.0,0.0,0,0,0,0,0,False
38,535,0,0,0,0,0,0,0,0,0,0,0,0,0,0,0.0,0.0,0.0,0.0,0,0,0,0,0,False
38,536,0,0,0,0,0,0,0,0,0,0,0,0,0,0,0.0,0.0,0.0,0.0,0,0,0,0,0,False
38,537,0,0,0,0,0,0,0,0,0,0,0,0,0,0,0.0,0.0,0.0,0.0,0,0,0,0,0,False
38,538,0,0,0,0,0,0,0,0,0,0,0,0,0,0,0.0,0.0,0.0,0.0,0,0,0,0,0,False
38,539,90,1,0,1,0,1,0,0,0,0,0,0,1,23,31.8,20.7,24.0,7.7,3,1,1,4,6,False
38,540,0,0,0,0,0,0,0,0,0,0,0,0,0,0,0.0,0.0,0.0,0.0,0,0,0,0,0,False
38,541,90,1,0,0,0,1,0,0,0,0,0,0,0,12,14.0,1.9,0.0,1.6,4,6,4,8,2,False
38,542,0,0,0,0,0,0,0,0,0,0,0,0,0,0,0.0,0.0,0.0,0.0,0,0,0,0,0,False
38,543,0,0,0,0,0,0,0,0,0,0,0,0,0,0,0.0,0.0,0.0,0.0,0,0,0,0,0,False
38,544,29,0,0,0,0,0,0,0,0,1,0,0,0,-2,0.0,10.8,12.0,2.1,0,2,0,2,0,False
38,545,0,0,0,0,0,0,0,0,0,0,0,0,0,0,0.0,0.0,0.0,0.0,0,0,0,0,0,False
38,546,0,0,0,0,0,0,0,0,0,0,0,0,0,0,0.0,0.0,0.0,0.0,0,0,0,0,0,False
38,547,90,1,0,0,0,1,0,0,0,0,0,0,3,27,27.4,55.7,40.0,12.3,3,4,4,11,5,False
38,548,0,0,0,0,0,0,0,0,0,0,0,0,0,0,0.0,0.0,0.0,0.0,0,0,0,0,0,False
38,549,0,0,0,0,0,0,0,0,0,0,0,0,0,0,0.0,0.0,0.0,0.0,0,0,0,0,0,False
38,550,0,0,0,0,0,0,0,0,0,0,0,0,0,0,0.0,0.0,0.0,0.0,0,0,0,0,0,False
38,551,1,0,0,0,0,0,0,0,0,0,0,0,0,3,0.2,0.1,0.0,0.0,0,0,0,0,1,False
38,552,90,1,0,0,0,1,0,0,0,1,0,0,0,11,7.8,23.1,0.0,3.1,2,4,0,6,1,False
38,553,0,0,0,0,0,0,0,0,0,0,0,0,0,0,0.0,0.0,0.0,0.0,0,0,0,0,0,False
38,554,0,0,0,0,0,0,0,0,0,0,0,0,0,0,0.0,0.0,0.0,0.0,0,0,0,0,0,False
38,555,0,0,0,0,0,0,0,0,0,0,0,0,0,0,0.0,0.0,0.0,0.0,0,0,0,0,0,False
38,556,0,0,0,0,0,0,0,0,0,0,0,0,0,0,0.0,0.0,0.0,0.0,0,0,0,0,0,False
38,557,0,0,0,0,0,0,0,0,0,0,0,0,0,0,0.0,0.0,0.0,0.0,0,0,0,0,0,False
38,558,0,0,0,0,0,0,0,0,0,0,0,0,0,0,0.0,0.0,0.0,0.0,0,0,0,0,0,False
38,559,0,0,0,0,0,0,0,0,0,0,0,0,0,0,0.0,0.0,0.0,0.0,0,0,0,0,0,False
38,560,29,0,0,0,0,0,0,0,0,0,0,0,0,5,0.8,0.6,9.0,1.0,0,0,1,1,1,False
38,561,0,0,0,0,0,0,0,0,0,0,0,0,0,0,0.0,0.0,0.0,0.0,0,0,0,0,0,False
38,562,0,0,0,0,0,0,0,0,0,0,0,0,0,0,0.0,0.0,0.0,0.0,0,0,0,0,0,False
38,563,0,0,0,0,0,0,0,0,0,0,0,0,0,0,0.0,0.0,0.0,0.0,0,0,0,0,0,False
38,564,0,0,0,0,0,0,0,0,0,0,0,0,0,0,0.0,0.0,0.0,0.0,0,0,0,0,0,False
38,565,0,0,0,0,0,0,0,0,0,0,0,0,0,0,0.0,0.0,0.0,0.0,0,0,0,0,0,False
38,566,0,0,0,0,0,0,0,0,0,0,0,0,0,0,0.0,0.0,0.0,0.0,0,0,0,0,0,False
38,567,90,1,0,0,1,0,0,0,0,1,0,1,0,19,10.2,0.0,0.0,1.0,1,4,0,0,5,False
38,568,90,1,0,0,1,0,0,0,0,0,0,0,2,38,28.8,56.8,4.0,9.0,6,3,5,11,10,True
38,569,0,0,0,0,0,0,0,0,0,0,0,0,0,0,0.0,0.0,0.0,0.0,0,0,0,0,0,False
38,570,90,1,0,0,1,0,0,0,0,0,0,0,0,28,22.2,0.8,18.0,4.1,11,0,0,11,8,False
38,571,0,0,0,0,0,0,0,0,0,0,0,0,0,0,0.0,0.0,0.0,0.0,0,0,0,0,0,False
38,572,1,0,0,0,0,0,0,0,0,0,0,0,0,4,5.0,0.0,0.0,0.5,3,0,0,3,1,False
38,573,90,1,0,0,1,0,0,0,0,0,0,0,0,20,7.8,2.2,23.0,3.3,1,5,2,3,6,False
38,574,89,1,0,0,1,0,0,0,0,0,0,0,1,32,13.4,2.5,7.0,2.3,1,3,2,3,7,False
38,575,90,1,0,0,1,0,0,0,0,0,0,0,0,24,12.6,0.3,6.0,1.9,6,3,0,6,6,False
38,576,0,0,0,0,0,0,0,0,0,0,0,0,0,0,0.0,0.0,0.0,0.0,0,0,0,0,0,False
38,577,0,0,0,0,0,0,0,0,0,0,0,0,0,0,0.0,0.0,0.0,0.0,0,0,0,0,0,False
38,578,0,0,0,0,0,0,0,0,0,0,0,0,0,0,0.0,0.0,0.0,0.0,0,0,0,0,0,False
38,579,0,0,0,0,0,0,0,0,0,0,0,0,0,0,0.0,0.0,0.0,0.0,0,0,0,0,0,False
38,580,0,0,0,0,0,0,0,0,0,0,0,0,0,0,0.0,0.0,0.0,0.0,0,0,0,0,0,False
38,581,8,0,0,0,0,0,0,0,0,0,0,0,0,4,1.0,1.0,0.0,0.2,0,1,1,2,1,False
38,582,0,0,0,0,0,0,0,0,0,0,0,0,0,0,0.0,0.0,0.0,0.0,0,0,0,0,0,False
38,583,0,0,0,0,0,0,0,0,0,0,0,0,0,0,0.0,0.0,0.0,0.0,0,0,0,0,0,False
38,584,72,1,0,0,1,0,0,0,0,0,0,0,0,15,11.4,56.1,18.0,8.6,1,4,1,6,3,False
38,585,81,1,0,0,1,0,0,0,0,0,0,0,0,16,12.2,2.6,0.0,1.5,4,7,3,14,5,False
38,586,0,0,0,0,0,0,0,0,0,0,0,0,0,0,0.0,0.0,0.0,0.0,0,0,0,0,0,False
38,587,0,0,0,0,0,0,0,0,0,0,0,0,0,0,0.0,0.0,0.0,0.0,0,0,0,0,0,False
38,588,0,0,0,0,0,0,0,0,0,0,0,0,0,0,0.0,0.0,0.0,0.0,0,0,0,0,0,False
38,589,0,0,0,0,0,0,0,0,0,0,0,0,0,0,0.0,0.0,0.0,0.0,0,0,0,0,0,False
38,590,0,0,0,0,0,0,0,0,0,0,0,0,0,0,0.0,0.0,0.0,0.0,0,0,0,0,0,False
38,591,8,0,0,0,0,0,0,0,0,0,0,0,0,2,2.2,0.0,0.0,0.2,1,0,0,1,1,False
38,592,0,0,0,0,0,0,0,0,0,0,0,0,0,0,0.0,0.0,0.0,0.0,0,0,0,0,0,False
38,593,17,0,0,0,0,0,0,0,0,1,0,0,0,1,3.2,11.5,0.0,1.5,2,0,0,2,0,False
38,594,0,0,0,0,0,0,0,0,0,0,0,0,0,0,0.0,0.0,0.0,0.0,0,0,0,0,0,False
38,595,0,0,0,0,0,0,0,0,0,0,0,0,0,0,0.0,0.0,0.0,0.0,0,0,0,0,0,False
38,596,0,0,0,0,0,0,0,0,0,0,0,0,0,0,0.0,0.0,0.0,0.0,0,0,0,0,0,False
38,597,72,1,0,0,1,0,0,0,0,0,0,0,0,1,4.8,10.6,12.0,2.7,2,2,0,4,2,False
38,598,0,0,0,0,0,0,0,0,0,0,0,0,0,0,0.0,0.0,0.0,0.0,0,0,0,0,0,False
38,599,0,0,0,0,0,0,0,0,0,0,0,0,0,0,0.0,0.0,0.0,0.0,0,0,0,0,0,False
38,600,0,0,0,0,0,0,0,0,0,0,0,0,0,0,0.0,0.0,0.0,0.0,0,0,0,0,0,False
38,601,0,0,0,0,0,0,0,0,0,0,0,0,0,0,0.0,0.0,0.0,0.0,0,0,0,0,0,False
38,602,0,0,0,0,0,0,0,0,0,0,0,0,0,0,0.0,0.0,0.0,0.0,0,0,0,0,0,False
38,603,90,1,0,0,1,0,0,0,0,0,0,0,0,29,22.8,17.0,4.0,4.4,7,7,1,8,6,False
38,604,0,0,0,0,0,0,0,0,0,0,0,0,0,0,0.0,0.0,0.0,0.0,0,0,0,0,0,False
38,605,0,0,0,0,0,0,0,0,0,0,0,0,0,0,0.0,0.0,0.0,0.0,0,0,0,0,0,False
38,606,90,1,0,0,1,0,0,0,0,0,0,0,0,24,22.0,0.9,0.0,2.3,11,5,1,12,8,False
38,607,0,0,0,0,0,0,0,0,0,0,0,0,0,0,0.0,0.0,0.0,0.0,0,0,0,0,0,False
38,608,0,0,0,0,0,0,0,0,0,0,0,0,0,0,0.0,0.0,0.0,0.0,0,0,0,0,0,False
38,609,0,0,0,0,0,0,0,0,0,0,0,0,0,0,0.0,0.0,0.0,0.0,0,0,0,0,0,False
38,610,0,0,0,0,0,0,0,0,0,0,0,0,0,0,0.0,0.0,0.0,0.0,0,0,0,0,0,False
38,611,0,0,0,0,0,0,0,0,0,0,0,0,0,0,0.0,0.0,0.0,0.0,0,0,0,0,0,False
38,612,0,0,0,0,0,0,0,0,0,0,0,0,0,0,0.0,0.0,0.0,0.0,0,0,0,0,0,False
38,613,90,1,0,0,1,0,0,0,0,0,0,0,0,17,22.6,2.9,75.0,10.1,5,3,0,8,3,False
38,614,15,0,0,0,0,0,0,0,0,0,0,0,0,10,8.4,19.0,0.0,2.7,0,1,1,2,1,False
38,615,90,1,0,1,1,0,0,0,0,0,0,0,0,25,32.4,31.6,13.0,7.7,0,3,4,7,6,False
38,616,0,0,0,0,0,0,0,0,0,0,0,0,0,0,0.0,0.0,0.0,0.0,0,0,0,0,0,False
38,617,0,0,0,0,0,0,0,0,0,0,0,0,0,0,0.0,0.0,0.0,0.0,0,0,0,0,0,False
38,618,0,0,0,0,0,0,0,0,0,0,0,0,0,0,0.0,0.0,0.0,0.0,0,0,0,0,0,False
38,619,0,0,0,0,0,0,0,0,0,0,0,0,0,0,0.0,0.0,0.0,0.0,0,0,0,0,0,False
38,620,0,0,0,0,0,0,0,0,0,0,0,0,0,0,0.0,0.0,0.0,0.0,0,0,0,0,0,False
38,621,0,0,0,0,0,0,0,0,0,0,0,0,0,0,0.0,0.0,0.0,0.0,0,0,0,0,0,False
38,622,0,0,0,0,0,0,0,0,0,0,0,0,0,0,0.0,0.0,0.0,0.0,0,0,0,0,0,False
38,623,0,0,0,0,0,0,0,0,0,0,0,0,0,0,0.0,0.0,0.0,0.0,0,0,0,0,0,False
38,624,90,1,1,1,1,0,0,0,0,0,0,0,3,47,54.6,26.2,26.0,10.7,1,4,1,6,12,True
38,625,0,0,0,0,0,0,0,0,0,0,0,0,0,0,0.0,0.0,0.0,0.0,0,0,0,0,0,False
38,626,0,0,0,0,0,0,0,0,0,0,0,0,0,0,0.0,0.0,0.0,0.0,0,0,0,0,0,False
38,627,0,0,0,0,0,0,0,0,0,0,0,0,0,0,0.0,0.0,0.0,0.0,0,0,0,0,0,False
38,628,90,1,0,0,0,1,0,0,0,0,0,7,2,25,44.8,0.0,0.0,4.5,2,15,1,0,6,False
38,629,0,0,0,0,0,0,0,0,0,0,0,0,0,0,0.0,0.0,0.0,0.0,0,0,0,0,0,False
38,630,0,0,0,0,0,0,0,0,0,0,0,0,0,0,0.0,0.0,0.0,0.0,0,0,0,0,0,False
38,631,0,0,0,0,0,0,0,0,0,0,0,0,0,0,0.0,0.0,0.0,0.0,0,0,0,0,0,False
38,632,0,0,0,0,0,0,0,0,0,0,0,0,0,0,0.0,0.0,0.0,0.0,0,0,0,0,0,False
38,633,16,0,0,0,0,0,0,0,0,0,0,0,0,3,0.4,0.3,5.0,0.6,0,0,0,0,1,False
38,634,90,1,0,0,0,1,0,0,0,1,0,0,0,9,29.2,0.7,14.0,4.4,10,5,3,13,3,False
38,635,81,1,0,0,0,1,0,0,0,0,0,0,0,1,3.0,0.8,3.0,0.7,1,4,1,2,2,False
38,636,90,1,0,0,0,1,0,0,0,0,0,0,0,3,22.4,10.3,35.0,6.8,8,1,0,8,2,False
38,637,24,0,0,0,0,0,0,0,0,0,0,0,0,3,1.8,0.1,2.0,0.4,1,1,0,1,1,False
38,638,0,0,0,0,0,0,0,0,0,0,0,0,0,0,0.0,0.0,0.0,0.0,0,0,0,0,0,False
38,639,0,0,0,0,0,0,0,0,0,0,0,0,0,0,0.0,0.0,0.0,0.0,0,0,0,0,0,False
38,640,8,0,0,0,0,0,0,0,0,0,0,0,0,4,6.2,0.0,19.0,2.5,0,1,1,1,1,False
38,641,0,0,0,0,0,0,0,0,0,0,0,0,0,0,0.0,0.0,0.0,0.0,0,0,0,0,0,False
38,642,90,1,0,0,0,1,0,0,0,1,0,0,0,11,6.4,25.2,6.0,3.8,1,9,1,11,1,False
38,643,90,1,0,0,0,1,0,0,0,0,0,0,0,14,15.6,0.8,4.0,2.0,3,6,4,13,4,False
38,644,0,0,0,0,0,0,0,0,0,0,0,0,0,0,0.0,0.0,0.0,0.0,0,0,0,0,0,False
38,645,0,0,0,0,0,0,0,0,0,0,0,0,0,0,0.0,0.0,0.0,0.0,0,0,0,0,0,False
38,646,0,0,0,0,0,0,0,0,0,0,0,0,0,0,0.0,0.0,0.0,0.0,0,0,0,0,0,False
38,647,0,0,0,0,0,0,0,0,0,0,0,0,0,0,0.0,0.0,0.0,0.0,0,0,0,0,0,False
38,648,0,0,0,0,0,0,0,0,0,0,0,0,0,0,0.0,0.0,0.0,0.0,0,0,0,0,0,False
38,649,0,0,0,0,0,0,0,0,0,0,0,0,0,0,0.0,0.0,0.0,0.0,0,0,0,0,0,False
38,650,0,0,0,0,0,0,0,0,0,0,0,0,0,0,0.0,0.0,0.0,0.0,0,0,0,0,0,False
38,651,0,0,0,0,0,0,0,0,0,0,0,0,0,0,0.0,0.0,0.0,0.0,0,0,0,0,0,False
38,652,0,0,0,0,0,0,0,0,0,0,0,0,0,0,0.0,0.0,0.0,0.0,0,0,0,0,0,False
38,653,0,0,0,0,0,0,0,0,0,0,0,0,0,0,0.0,0.0,0.0,0.0,0,0,0,0,0,False
38,654,76,1,0,0,0,2,0,0,0,0,0,0,0,1,0.0,4.7,6.0,0.8,1,2,0,3,2,False
38,655,0,0,0,0,0,0,0,0,0,0,0,0,0,0,0.0,0.0,0.0,0.0,0,0,0,0,0,False
38,656,0,0,0,0,0,0,0,0,0,0,0,0,0,0,0.0,0.0,0.0,0.0,0,0,0,0,0,False
38,657,0,0,0,0,0,0,0,0,0,0,0,0,0,0,0.0,0.0,0.0,0.0,0,0,0,0,0,False
38,658,0,0,0,0,0,0,0,0,0,0,0,0,0,0,0.0,0.0,0.0,0.0,0,0,0,0,0,False
38,659,90,1,0,0,1,0,0,0,0,0,0,0,0,18,3.6,1.3,0.0,0.5,1,4,0,1,6,False
38,660,0,0,0,0,0,0,0,0,0,0,0,0,0,0,0.0,0.0,0.0,0.0,0,0,0,0,0,False
38,661,0,0,0,0,0,0,0,0,0,0,0,0,0,0,0.0,0.0,0.0,0.0,0,0,0,0,0,False
38,662,90,1,0,0,0,1,0,0,0,0,0,0,0,11,30.8,2.6,0.0,3.3,9,1,1,10,4,False
38,663,0,0,0,0,0,0,0,0,0,0,0,0,0,0,0.0,0.0,0.0,0.0,0,0,0,0,0,False
38,664,0,0,0,0,0,0,0,0,0,0,0,0,0,0,0.0,0.0,0.0,0.0,0,0,0,0,0,False
38,665,0,0,0,0,0,0,0,0,0,0,0,0,0,0,0.0,0.0,0.0,0.0,0,0,0,0,0,False
38,666,7,0,0,0,0,1,0,0,0,0,0,0,0,4,3.4,18.4,6.0,2.8,0,2,0,2,1,False
38,667,0,0,0,0,0,0,0,0,0,0,0,0,0,0,0.0,0.0,0.0,0.0,0,0,0,0,0,False
38,668,90,1,0,0,0,1,0,0,0,1,0,0,0,9,9.6,4.6,2.0,1.6,3,7,0,10,1,False
38,669,0,0,0,0,0,0,0,0,0,0,0,0,0,0,0.0,0.0,0.0,0.0,0,0,0,0,0,False
38,670,90,1,0,0,0,1,0,0,0,0,0,2,0,8,12.2,10.0,0.0,2.2,0,6,0,0,2,False
38,671,45,0,1,0,0,0,0,0,0,0,0,0,0,28,40.4,10.5,28.0,7.9,1,1,0,2,5,False
38,672,51,1,0,0,0,2,0,0,0,0,0,0,0,0,7.8,1.8,2.0,1.2,4,0,0,4,0,False
38,673,90,1,1,0,1,0,0,0,0,1,0,0,3,40,60.6,23.1,50.0,13.4,8,5,4,17,12,True
38,674,0,0,0,0,0,0,0,0,0,0,0,0,0,0,0.0,0.0,0.0,0.0,0,0,0,0,0,False
38,675,0,0,0,0,0,0,0,0,0,0,0,0,0,0,0.0,0.0,0.0,0.0,0,0,0,0,0,False
38,676,74,1,0,0,0,1,0,0,0,0,0,0,0,16,4.8,17.8,5.0,2.8,1,4,0,5,2,False
38,677,28,0,0,0,0,0,0,0,0,0,0,0,0,3,1.4,0.5,4.0,0.6,0,1,0,1,1,False
38,678,0,0,0,0,0,0,0,0,0,0,0,0,0,0,0.0,0.0,0.0,0.0,0,0,0,0,0,False
38,679,90,1,0,0,1,0,0,0,0,0,0,3,0,30,21.2,0.0,0.0,2.1,0,12,0,0,7,True
38,680,0,0,0,0,0,0,0,0,0,0,0,0,0,0,0.0,0.0,0.0,0.0,0,0,0,0,0,False
38,681,0,0,0,0,0,0,0,0,0,0,0,0,0,0,0.0,0.0,0.0,0.0,0,0,0,0,0,False
38,682,73,1,0,0,0,1,0,0,0,0,0,0,0,6,11.6,4.8,0.0,1.6,5,3,1,6,2,False
38,683,0,0,0,0,0,0,0,0,0,0,0,0,0,0,0.0,0.0,0.0,0.0,0,0,0,0,0,False
38,684,90,1,0,0,0,2,0,0,0,0,0,0,0,10,17.8,1.8,0.0,2.0,5,6,1,6,1,False
38,685,0,0,0,0,0,0,0,0,0,0,0,0,0,0,0.0,0.0,0.0,0.0,0,0,0,0,0,False
38,686,72,1,0,0,0,1,0,0,0,0,0,0,0,4,0.2,13.2,12.0,2.5,0,1,1,2,2,False
38,687,0,0,0,0,0,0,0,0,0,0,0,0,0,0,0.0,0.0,0.0,0.0,0,0,0,0,0,False
38,688,0,0,0,0,0,0,0,0,0,0,0,0,0,0,0.0,0.0,0.0,0.0,0,0,0,0,0,False
38,689,0,0,0,0,0,0,0,0,0,0,0,0,0,0,0.0,0.0,0.0,0.0,0,0,0,0,0,False
38,690,90,1,0,0,0,2,0,0,0,0,0,0,0,21,15.2,30.0,4.0,4.9,2,4,1,7,2,False
38,691,68,1,0,0,0,1,0,0,0,0,0,0,0,5,6.8,25.8,24.0,5.7,1,2,0,3,2,False
38,692,0,0,0,0,0,0,0,0,0,0,0,0,0,0,0.0,0.0,0.0,0.0,0,0,0,0,0,False
38,693,77,1,0,1,0,1,0,0,0,0,0,0,0,19,27.2,40.7,6.0,7.4,0,3,3,6,5,False
38,694,90,1,0,0,0,1,0,0,0,0,0,0,0,15,21.0,11.2,21.0,5.3,10,8,2,12,4,False
38,695,0,0,0,0,0,0,0,0,0,0,0,0,0,0,0.0,0.0,0.0,0.0,0,0,0,0,0,False
38,696,0,0,0,0,0,0,0,0,0,0,0,0,0,0,0.0,0.0,0.0,0.0,0,0,0,0,0,False
38,697,17,0,0,0,0,0,0,0,0,0,0,0,0,4,5.2,0.8,0.0,0.6,1,0,2,3,1,False
38,698,0,0,0,0,0,0,0,0,0,0,0,0,0,0,0.0,0.0,0.0,0.0,0,0,0,0,0,False
38,699,72,1,0,0,0,1,0,0,0,0,0,0,0,18,17.4,1.5,0.0,1.9,5,3,1,9,2,False
38,700,61,1,0,0,1,0,0,0,0,0,0,0,0,4,2.6,16.8,4.0,2.3,0,5,0,5,3,False
38,701,0,0,0,0,0,0,0,0,0,0,0,0,0,0,0.0,0.0,0.0,0.0,0,0,0,0,0,False
38,702,0,0,0,0,0,0,0,0,0,0,0,0,0,0,0.0,0.0,0.0,0.0,0,0,0,0,0,False
38,703,0,0,0,0,0,0,0,0,0,0,0,0,0,0,0.0,0.0,0.0,0.0,0,0,0,0,0,False
38,704,0,0,0,0,0,0,0,0,0,0,0,0,0,0,0.0,0.0,0.0,0.0,0,0,0,0,0,False
38,705,0,0,0,0,0,0,0,0,0,0,0,0,0,0,0.0,0.0,0.0,0.0,0,0,0,0,0,False
38,706,90,1,0,0,0,3,0,0,0,0,0,0,0,9,17.6,14.3,6.0,3.8,5,4,3,8,1,False
38,707,0,0,0,0,0,0,0,0,0,0,0,0,0,0,0.0,0.0,0.0,0.0,0,0,0,0,0,False
38,708,90,1,0,1,1,0,0,0,0,0,0,0,1,32,36.0,27.1,7.0,7.0,2,5,5,12,9,False
38,709,65,1,0,1,0,1,0,0,0,0,0,0,1,19,10.4,10.6,9.0,3.0,6,3,1,7,6,False
38,710,0,0,0,0,0,0,0,0,0,0,0,0,0,0,0.0,0.0,0.0,0.0,0,0,0,0,0,False
38,711,0,0,0,0,0,0,0,0,0,0,0,0,0,0,0.0,0.0,0.0,0.0,0,0,0,0,0,False
38,712,45,0,0,1,0,1,0,0,0,0,0,0,0,21,22.6,36.3,20.0,7.9,0,2,0,2,4,False
38,713,0,0,0,0,0,0,0,0,0,0,0,0,0,0,0.0,0.0,0.0,0.0,0,0,0,0,0,False
38,714,77,1,0,0,0,1,0,0,0,0,0,0,0,9,6.6,31.8,2.0,4.0,0,0,1,1,2,False
38,715,0,0,0,0,0,0,0,0,0,0,0,0,0,0,0.0,0.0,0.0,0.0,0,0,0,0,0,False
38,716,0,0,0,0,0,0,0,0,0,0,0,0,0,0,0.0,0.0,0.0,0.0,0,0,0,0,0,False
38,717,0,0,0,0,0,0,0,0,0,0,0,0,0,0,0.0,0.0,0.0,0.0,0,0,0,0,0,False
38,718,0,0,0,0,0,0,0,0,0,0,0,0,0,0,0.0,0.0,0.0,0.0,0,0,0,0,0,False
38,719,72,1,0,0,0,1,0,0,0,0,0,0,0,11,10.0,0.9,0.0,1.1,4,3,1,5,2,False
38,720,24,0,0,0,0,0,0,0,0,0,0,0,0,1,5.0,0.3,8.0,1.3,2,0,0,2,1,False
38,721,0,0,0,0,0,0,0,0,0,0,0,0,0,0,0.0,0.0,0.0,0.0,0,0,0,0,0,False
38,722,90,1,0,0,0,1,0,0,0,0,0,0,0,18,28.4,14.5,7.0,5.0,6,7,4,17,4,False
38,723,0,0,0,0,0,0,0,0,0,0,0,0,0,0,0.0,0.0,0.0,0.0,0,0,0,0,0,False
38,724,90,1,0,0,0,1,0,0,0,1,0,0,0,1,5.0,1.4,0.0,0.6,1,2,1,2,1,False
38,725,90,1,0,0,0,1,0,0,0,0,0,0,0,13,16.6,3.4,7.0,2.7,5,4,0,5,2,False
38,726,17,0,0,0,0,0,0,0,0,0,0,0,0,3,0.0,0.9,1.0,0.2,0,0,1,1,1,False
38,727,0,0,0,0,0,0,0,0,0,0,0,0,0,0,0.0,0.0,0.0,0.0,0,0,0,0,0,False
38,728,61,1,0,0,0,1,0,0,0,0,0,0,0,4,4.4,0.8,0.0,0.5,1,1,2,4,2,False
38,729,0,0,0,0,0,0,0,0,0,0,0,0,0,0,0.0,0.0,0.0,0.0,0,0,0,0,0,False
38,730,60,1,0,1,0,1,0,0,0,0,0,0,0,10,0.0,1.0,40.0,4.0,1,1,0,2,5,False
38,731,59,1,0,1,0,0,0,0,0,0,0,0,0,12,1.2,12.3,9.0,2.3,0,4,0,4,4,False
38,732,0,0,0,0,0,0,0,0,0,0,0,0,0,0,0.0,0.0,0.0,0.0,0,0,0,0,0,False
38,733,90,1,0,0,1,0,0,0,0,0,0,2,0,25,18.2,0.0,0.0,1.8,0,5,0,0,6,False
38,734,0,0,0,0,0,0,0,0,0,0,0,0,0,0,0.0,0.0,0.0,0.0,0,0,0,0,0,False
38,735,0,0,0,0,0,0,0,0,0,0,0,0,0,0,0.0,0.0,0.0,0.0,0,0,0,0,0,False
38,736,0,0,0,0,0,0,0,0,0,0,0,0,0,0,0.0,0.0,0.0,0.0,0,0,0,0,0,False
38,737,0,0,0,0,0,0,0,0,0,0,0,0,0,0,0.0,0.0,0.0,0.0,0,0,0,0,0,False
38,738,0,0,0,0,0,0,0,0,0,0,0,0,0,0,0.0,0.0,0.0,0.0,0,0,0,0,0,False
38,739,0,0,0,0,0,0,0,0,0,0,0,0,0,0,0.0,0.0,0.0,0.0,0,0,0,0,0,False
38,740,0,0,0,0,0,0,0,0,0,0,0,0,0,0,0.0,0.0,0.0,0.0,0,0,0,0,0,False
38,741,0,0,0,0,0,0,0,0,0,0,0,0,0,0,0.0,0.0,0.0,0.0,0,0,0,0,0,False
38,742,0,0,0,0,0,0,0,0,0,0,0,0,0,0,0.0,0.0,0.0,0.0,0,0,0,0,0,False
38,743,0,0,0,0,0,0,0,0,0,0,0,0,0,0,0.0,0.0,0.0,0.0,0,0,0,0,0,False
38,744,0,0,0,0,0,0,0,0,0,0,0,0,0,0,0.0,0.0,0.0,0.0,0,0,0,0,0,False
38,745,0,0,0,0,0,0,0,0,0,0,0,0,0,0,0.0,0.0,0.0,0.0,0,0,0,0,0,False
38,746,0,0,0,0,0,0,0,0,0,0,0,0,0,0,0.0,0.0,0.0,0.0,0,0,0,0,0,False
38,747,0,0,0,0,0,0,0,0,0,0,0,0,0,0,0.0,0.0,0.0,0.0,0,0,0,0,0,False
38,748,0,0,0,0,0,0,0,0,0,0,0,0,0,0,0.0,0.0,0.0,0.0,0,0,0,0,0,False
38,749,90,1,0,0,0,1,0,0,0,0,0,0,0,18,20.2,89.5,20.0,13.0,2,5,1,8,2,False
38,750,0,0,0,0,0,0,0,0,0,0,0,0,0,0,0.0,0.0,0.0,0.0,0,0,0,0,0,False
38,751,0,0,0,0,0,0,0,0,0,0,0,0,0,0,0.0,0.0,0.0,0.0,0,0,0,0,0,False
38,752,0,0,0,0,0,0,0,0,0,0,0,0,0,0,0.0,0.0,0.0,0.0,0,0,0,0,0,False
38,753,0,0,0,0,0,0,0,0,0,0,0,0,0,0,0.0,0.0,0.0,0.0,0,0,0,0,0,False
38,754,0,0,0,0,0,0,0,0,0,0,0,0,0,0,0.0,0.0,0.0,0.0,0,0,0,0,0,False
38,755,28,0,0,0,0,0,0,0,0,0,0,0,0,1,0.0,0.6,5.0,0.2,0,2,0,2,1,False
38,756,0,0,0,0,0,0,0,0,0,0,0,0,0,0,0.0,0.0,0.0,0.0,0,0,0,0,0,False
38,757,0,0,0,0,0,0,0,0,0,0,0,0,0,0,0.0,0.0,0.0,0.0,0,0,0,0,0,False
38,758,2,0,0,0,0,0,0,0,0,0,0,0,0,2,0.2,0.3,0.0,0.1,1,0,0,1,1,False
38,759,0,0,0,0,0,0,0,0,0,0,0,0,0,0,0.0,0.0,0.0,0.0,0,0,0,0,0,False
38,760,0,0,0,0,0,0,0,0,0,0,0,0,0,0,0.0,0.0,0.0,0.0,0,0,0,0,0,False
38,761,0,0,0,0,0,0,0,0,0,0,0,0,0,0,0.0,0.0,0.0,0.0,0,0,0,0,0,False
38,762,0,0,0,0,0,0,0,0,0,0,0,0,0,0,0.0,0.0,0.0,0.0,0,0,0,0,0,False
38,763,0,0,0,0,0,0,0,0,0,0,0,0,0,0,0.0,0.0,0.0,0.0,0,0,0,0,0,False
38,764,0,0,0,0,0,0,0,0,0,0,0,0,0,0,0.0,0.0,0.0,0.0,0,0,0,0,0,False
38,765,0,0,0,0,0,0,0,0,0,0,0,0,0,0,0.0,0.0,0.0,0.0,0,0,0,0,0,False
38,766,0,0,0,0,0,0,0,0,0,0,0,0,0,0,0.0,0.0,0.0,0.0,0,0,0,0,0,False
38,767,0,0,0,0,0,0,0,0,0,0,0,0,0,0,0.0,0.0,0.0,0.0,0,0,0,0,0,False
38,768,0,0,0,0,0,0,0,0,0,0,0,0,0,0,0.0,0.0,0.0,0.0,0,0,0,0,0,False
38,769,0,0,0,0,0,0,0,0,0,0,0,0,0,0,0.0,0.0,0.0,0.0,0,0,0,0,0,False
38,770,0,0,0,0,0,0,0,0,0,0,0,0,0,0,0.0,0.0,0.0,0.0,0,0,0,0,0,False
38,771,16,0,0,0,0,0,0,0,0,0,0,0,0,3,0.4,2.0,0.0,0.2,0,2,0,2,1,False
38,772,0,0,0,0,0,0,0,0,0,0,0,0,0,0,0.0,0.0,0.0,0.0,0,0,0,0,0,False
38,773,0,0,0,0,0,0,0,0,0,0,0,0,0,0,0.0,0.0,0.0,0.0,0,0,0,0,0,False
38,774,0,0,0,0,0,0,0,0,0,0,0,0,0,0,0.0,0.0,0.0,0.0,0,0,0,0,0,False
38,775,0,0,0,0,0,0,0,0,0,0,0,0,0,0,0.0,0.0,0.0,0.0,0,0,0,0,0,False
38,776,0,0,0,0,0,0,0,0,0,0,0,0,0,0,0.0,0.0,0.0,0.0,0,0,0,0,0,False
38,777,0,0,0,0,0,0,0,0,0,0,0,0,0,0,0.0,0.0,0.0,0.0,0,0,0,0,0,False
38,778,0,0,0,0,0,0,0,0,0,0,0,0,0,0,0.0,0.0,0.0,0.0,0,0,0,0,0,False
38,779,0,0,0,0,0,0,0,0,0,0,0,0,0,0,0.0,0.0,0.0,0.0,0,0,0,0,0,False
38,780,0,0,0,0,0,0,0,0,0,0,0,0,0,0,0.0,0.0,0.0,0.0,0,0,0,0,0,False
38,781,0,0,0,0,0,0,0,0,0,0,0,0,0,0,0.0,0.0,0.0,0.0,0,0,0,0,0,False
38,782,0,0,0,0,0,0,0,0,0,0,0,0,0,0,0.0,0.0,0.0,0.0,0,0,0,0,0,False
38,783,90,1,0,0,0,3,0,0,0,0,0,0,0,11,7.8,5.9,29.0,4.3,2,5,0,7,2,False
38,784,0,0,0,0,0,0,0,0,0,0,0,0,0,0,0.0,0.0,0.0,0.0,0,0,0,0,0,False
38,785,45,1,0,0,0,0,0,0,0,0,0,0,0,5,6.6,26.6,13.0,4.6,0,1,0,1,1,False
38,786,0,0,0,0,0,0,0,0,0,0,0,0,0,0,0.0,0.0,0.0,0.0,0,0,0,0,0,False
38,787,0,0,0,0,0,0,0,0,0,0,0,0,0,0,0.0,0.0,0.0,0.0,0,0,0,0,0,False
38,788,0,0,0,0,0,0,0,0,0,0,0,0,0,0,0.0,0.0,0.0,0.0,0,0,0,0,0,False
38,789,0,0,0,0,0,0,0,0,0,0,0,0,0,0,0.0,0.0,0.0,0.0,0,0,0,0,0,False
38,790,0,0,0,0,0,0,0,0,0,0,0,0,0,0,0.0,0.0,0.0,0.0,0,0,0,0,0,False
38,791,87,1,1,0,1,0,0,0,0,0,0,0,2,35,33.0,1.4,64.0,9.8,2,2,0,4,8,False
38,792,0,0,0,0,0,0,0,0,0,0,0,0,0,0,0.0,0.0,0.0,0.0,0,0,0,0,0,False
38,793,0,0,0,0,0,0,0,0,0,0,0,0,0,0,0.0,0.0,0.0,0.0,0,0,0,0,0,False
38,794,0,0,0,0,0,0,0,0,0,0,0,0,0,0,0.0,0.0,0.0,0.0,0,0,0,0,0,False
38,795,0,0,0,0,0,0,0,0,0,0,0,0,0,0,0.0,0.0,0.0,0.0,0,0,0,0,0,False
38,796,81,1,0,0,1,0,0,0,0,0,0,0,0,13,6.6,15.1,10.0,3.2,1,5,2,8,3,False
38,797,0,0,0,0,0,0,0,0,0,0,0,0,0,0,0.0,0.0,0.0,0.0,0,0,0,0,0,False
38,798,0,0,0,0,0,0,0,0,0,0,0,0,0,0,0.0,0.0,0.0,0.0,0,0,0,0,0,False
38,799,0,0,0,0,0,0,0,0,0,0,0,0,0,0,0.0,0.0,0.0,0.0,0,0,0,0,0,False
38,800,0,0,0,0,0,0,0,0,0,0,0,0,0,0,0.0,0.0,0.0,0.0,0,0,0,0,0,False
38,801,56,1,0,0,0,1,0,0,0,0,0,0,0,9,9.0,15.1,4.0,2.8,3,2,0,5,1,False
38,802,0,0,0,0,0,0,0,0,0,0,0,0,0,0,0.0,0.0,0.0,0.0,0,0,0,0,0,False
38,803,0,0,0,0,0,0,0,0,0,0,0,0,0,0,0.0,0.0,0.0,0.0,0,0,0,0,0,False
38,804,0,0,0,0,0,0,0,0,0,0,0,0,0,0,0.0,0.0,0.0,0.0,0,0,0,0,0,False
38,805,0,0,0,0,0,0,0,0,0,0,0,0,0,0,0.0,0.0,0.0,0.0,0,0,0,0,0,False
38,806,0,0,0,0,0,0,0,0,0,0,0,0,0,0,0.0,0.0,0.0,0.0,0,0,0,0,0,False
38,807,72,1,0,0,0,1,0,0,0,0,0,0,0,9,9.8,16.8,8.0,3.5,4,2,0,6,2,False
38,808,0,0,0,0,0,0,0,0,0,0,0,0,0,0,0.0,0.0,0.0,0.0,0,0,0,0,0,False
38,809,16,0,0,0,0,0,0,0,0,0,0,0,0,2,3.2,0.0,0.0,0.3,1,0,1,2,1,False
38,810,0,0,0,0,0,0,0,0,0,0,0,0,0,0,0.0,0.0,0.0,0.0,0,0,0,0,0,False
38,811,0,0,0,0,0,0,0,0,0,0,0,0,0,0,0.0,0.0,0.0,0.0,0,0,0,0,0,False
38,812,0,0,0,0,0,0,0,0,0,0,0,0,0,0,0.0,0.0,0.0,0.0,0,0,0,0,0,False
38,813,60,1,0,0,0,1,0,0,0,1,0,0,0,7,4.8,1.2,23.0,2.9,5,3,2,10,1,False
38,814,27,0,0,0,0,0,0,0,0,0,0,0,0,4,3.6,0.3,0.0,0.4,2,0,0,2,1,False
38,815,90,1,0,0,1,0,0,0,0,0,0,0,0,20,4.8,0.6,0.0,0.5,2,3,0,2,6,False
38,816,65,1,0,0,0,1,0,0,0,0,0,0,0,13,9.4,22.2,0.0,3.2,1,2,2,5,2,False
38,817,73,1,1,0,0,1,0,0,0,0,0,0,1,19,32.0,0.0,27.0,5.9,0,1,0,1,7,False
38,818,0,0,0,0,0,0,0,0,0,0,0,0,0,0,0.0,0.0,0.0,0.0,0,0,0,0,0,False
38,819,0,0,0,0,0,0,0,0,0,0,0,0,0,0,0.0,0.0,0.0,0.0,0,0,0,0,0,False
38,820,0,0,0,0,0,0,0,0,0,0,0,0,0,0,0.0,0.0,0.0,0.0,0,0,0,0,0,False
38,821,0,0,0,0,0,0,0,0,0,0,0,0,0,0,0.0,0.0,0.0,0.0,0,0,0,0,0,False
38,822,0,0,0,0,0,0,0,0,0,0,0,0,0,0,0.0,0.0,0.0,0.0,0,0,0,0,0,False
38,823,0,0,0,0,0,0,0,0,0,0,0,0,0,0,0.0,0.0,0.0,0.0,0,0,0,0,0,False
38,824,0,0,0,0,0,0,0,0,0,0,0,0,0,0,0.0,0.0,0.0,0.0,0,0,0,0,0,False
38,825,0,0,0,0,0,0,0,0,0,0,0,0,0,0,0.0,0.0,0.0,0.0,0,0,0,0,0,False
38,826,0,0,0,0,0,0,0,0,0,0,0,0,0,0,0.0,0.0,0.0,0.0,0,0,0,0,0,False
38,827,0,0,0,0,0,0,0,0,0,0,0,0,0,0,0.0,0.0,0.0,0.0,0,0,0,0,0,False
38,828,0,0,0,0,0,0,0,0,0,0,0,0,0,0,0.0,0.0,0.0,0.0,0,0,0,0,0,False
38,829,0,0,0,0,0,0,0,0,0,0,0,0,0,0,0.0,0.0,0.0,0.0,0,0,0,0,0,False
38,830,0,0,0,0,0,0,0,0,0,0,0,0,0,0,0.0,0.0,0.0,0.0,0,0,0,0,0,False
38,831,0,0,0,0,0,0,0,0,0,0,0,0,0,0,0.0,0.0,0.0,0.0,0,0,0,0,0,False
38,832,0,0,0,0,0,0,0,0,0,0,0,0,0,0,0.0,0.0,0.0,0.0,0,0,0,0,0,False
38,833,0,0,0,0,0,0,0,0,0,0,0,0,0,0,0.0,0.0,0.0,0.0,0,0,0,0,0,False
38,834,0,0,0,0,0,0,0,0,0,0,0,0,0,0,0.0,0.0,0.0,0.0,0,0,0,0,0,False
38,835,0,0,0,0,0,0,0,0,0,0,0,0,0,0,0.0,0.0,0.0,0.0,0,0,0,0,0,False
38,836,0,0,0,0,0,0,0,0,0,0,0,0,0,0,0.0,0.0,0.0,0.0,0,0,0,0,0,False
38,837,0,0,0,0,0,0,0,0,0,0,0,0,0,0,0.0,0.0,0.0,0.0,0,0,0,0,0,False
38,838,0,0,0,0,0,0,0,0,0,0,0,0,0,0,0.0,0.0,0.0,0.0,0,0,0,0,0,False
38,839,0,0,0,0,0,0,0,0,0,0,0,0,0,0,0.0,0.0,0.0,0.0,0,0,0,0,0,False
38,840,0,0,0,0,0,0,0,0,0,0,0,0,0,0,0.0,0.0,0.0,0.0,0,0,0,0,0,False
38,841,0,0,0,0,0,0,0,0,0,0,0,0,0,0,0.0,0.0,0.0,0.0,0,0,0,0,0,False
